,Family,LigandType,Value,Category
0,Adhesion class orphans,orphan,75.0,Similarity
1,Adhesion class orphans,orphan,54.0,Identify
2,Adhesion class orphans,orphan,70.0,Similarity
3,Adhesion class orphans,orphan,53.0,Identify
4,Adhesion class orphans,orphan,52.0,Similarity
5,Adhesion class orphans,orphan,33.0,Identify
6,Adhesion class orphans,orphan,52.0,Similarity
7,Adhesion class orphans,orphan,32.0,Identify
8,Adhesion class orphans,orphan,51.0,Similarity
9,Adhesion class orphans,orphan,33.0,Identify
10,Adhesion class orphans,orphan,51.0,Similarity
11,Adhesion class orphans,orphan,30.0,Identify
12,Adhesion class orphans,orphan,51.0,Similarity
13,Adhesion class orphans,orphan,28.0,Identify
14,Adhesion class orphans,orphan,51.0,Similarity
15,Adhesion class orphans,orphan,26.0,Identify
16,Adhesion class orphans,orphan,47.0,Similarity
17,Adhesion class orphans,orphan,27.0,Identify
18,Adhesion class orphans,orphan,47.0,Similarity
19,Adhesion class orphans,orphan,25.0,Identify
20,Adhesion class orphans,orphan,44.0,Similarity
21,Adhesion class orphans,orphan,26.0,Identify
22,Adhesion class orphans,orphan,44.0,Similarity
23,Adhesion class orphans,orphan,25.0,Identify
24,Adhesion class orphans,orphan,44.0,Similarity
25,Adhesion class orphans,orphan,24.0,Identify
26,Adhesion class orphans,orphan,43.0,Similarity
27,Adhesion class orphans,orphan,28.0,Identify
28,Adhesion class orphans,orphan,43.0,Similarity
29,Adhesion class orphans,orphan,21.0,Identify
30,Adhesion class orphans,orphan,42.0,Similarity
31,Adhesion class orphans,orphan,19.0,Identify
32,Adhesion class orphans,orphan,41.0,Similarity
33,Adhesion class orphans,orphan,18.0,Identify
34,Adhesion class orphans,orphan,40.0,Similarity
35,Adhesion class orphans,orphan,26.0,Identify
36,Adhesion class orphans,orphan,40.0,Similarity
37,Adhesion class orphans,orphan,22.0,Identify
38,Adhesion class orphans,orphan,40.0,Similarity
39,Adhesion class orphans,orphan,15.0,Identify
40,Adhesion class orphans,orphan,37.0,Similarity
41,Adhesion class orphans,orphan,20.0,Identify
42,Adhesion class orphans,orphan,35.0,Similarity
43,Adhesion class orphans,orphan,18.0,Identify
44,Adhesion class orphans,orphan,33.0,Similarity
45,Adhesion class orphans,orphan,20.0,Identify
46,Adhesion class orphans,orphan,32.0,Similarity
47,Adhesion class orphans,orphan,17.0,Identify
48,Adhesion class orphans,orphan,31.0,Similarity
49,Adhesion class orphans,orphan,15.0,Identify
50,Adhesion class orphans,orphan,30.0,Similarity
51,Adhesion class orphans,orphan,20.0,Identify
52,Adhesion class orphans,orphan,28.0,Similarity
53,Adhesion class orphans,orphan,13.0,Identify
54,Adhesion class orphans,orphan,27.0,Similarity
55,Adhesion class orphans,orphan,13.0,Identify
56,Adhesion class orphans,orphan,21.0,Similarity
57,Adhesion class orphans,orphan,8.0,Identify
58,Adhesion class orphans,orphan,14.0,Similarity
59,Adhesion class orphans,orphan,5.0,Identify
60,Adhesion class orphans,orphan,14.0,Similarity
61,Adhesion class orphans,orphan,5.0,Identify
62,Adhesion class orphans,orphan,0.0,Similarity
63,Adhesion class orphans,orphan,0.0,Identify
64,Adhesion class orphans,orphan,22.0,Similarity
65,Adhesion class orphans,orphan,9.0,Identify
66,Adhesion class orphans,orphan,19.0,Similarity
67,Adhesion class orphans,orphan,10.0,Identify
68,Adhesion class orphans,orphan,19.0,Similarity
69,Adhesion class orphans,orphan,6.0,Identify
70,Adhesion class orphans,orphan,19.0,Similarity
71,Adhesion class orphans,orphan,5.0,Identify
72,Adhesion class orphans,orphan,19.0,Similarity
73,Adhesion class orphans,orphan,5.0,Identify
74,Adhesion class orphans,orphan,18.0,Similarity
75,Adhesion class orphans,orphan,5.0,Identify
76,Adhesion class orphans,orphan,18.0,Similarity
77,Adhesion class orphans,orphan,5.0,Identify
78,Adhesion class orphans,orphan,18.0,Similarity
79,Adhesion class orphans,orphan,4.0,Identify
80,Adhesion class orphans,orphan,17.0,Similarity
81,Adhesion class orphans,orphan,7.0,Identify
82,Adhesion class orphans,orphan,17.0,Similarity
83,Adhesion class orphans,orphan,6.0,Identify
84,Adhesion class orphans,orphan,17.0,Similarity
85,Adhesion class orphans,orphan,6.0,Identify
86,Adhesion class orphans,orphan,17.0,Similarity
87,Adhesion class orphans,orphan,6.0,Identify
88,Adhesion class orphans,orphan,17.0,Similarity
89,Adhesion class orphans,orphan,5.0,Identify
90,Adhesion class orphans,orphan,17.0,Similarity
91,Adhesion class orphans,orphan,5.0,Identify
92,Adhesion class orphans,orphan,16.0,Similarity
93,Adhesion class orphans,orphan,8.0,Identify
94,Adhesion class orphans,orphan,16.0,Similarity
95,Adhesion class orphans,orphan,5.0,Identify
96,Adhesion class orphans,orphan,16.0,Similarity
97,Adhesion class orphans,orphan,5.0,Identify
98,Adhesion class orphans,orphan,16.0,Similarity
99,Adhesion class orphans,orphan,5.0,Identify
100,Adhesion class orphans,orphan,15.0,Similarity
101,Adhesion class orphans,orphan,7.0,Identify
102,Adhesion class orphans,orphan,15.0,Similarity
103,Adhesion class orphans,orphan,6.0,Identify
104,Adhesion class orphans,orphan,15.0,Similarity
105,Adhesion class orphans,orphan,6.0,Identify
106,Adhesion class orphans,orphan,15.0,Similarity
107,Adhesion class orphans,orphan,5.0,Identify
108,Adhesion class orphans,orphan,14.0,Similarity
109,Adhesion class orphans,orphan,7.0,Identify
110,Adhesion class orphans,orphan,14.0,Similarity
111,Adhesion class orphans,orphan,7.0,Identify
112,Adhesion class orphans,orphan,14.0,Similarity
113,Adhesion class orphans,orphan,6.0,Identify
114,Adhesion class orphans,orphan,14.0,Similarity
115,Adhesion class orphans,orphan,6.0,Identify
116,Adhesion class orphans,orphan,14.0,Similarity
117,Adhesion class orphans,orphan,6.0,Identify
118,Adhesion class orphans,orphan,13.0,Similarity
119,Adhesion class orphans,orphan,4.0,Identify
120,Adhesion class orphans,orphan,13.0,Similarity
121,Adhesion class orphans,orphan,3.0,Identify
122,Adhesion class orphans,orphan,11.0,Similarity
123,Adhesion class orphans,orphan,3.0,Identify
124,Adhesion class orphans,orphan,0.0,Similarity
125,Adhesion class orphans,orphan,0.0,Identify
126,Adhesion class orphans,orphan,0.0,Similarity
127,Adhesion class orphans,orphan,0.0,Identify
128,Adhesion class orphans,orphan,0.0,Similarity
129,Adhesion class orphans,orphan,0.0,Identify
130,Adhesion class orphans,orphan,0.0,Similarity
131,Adhesion class orphans,orphan,0.0,Identify
132,Adhesion class orphans,orphan,0.0,Similarity
133,Adhesion class orphans,orphan,0.0,Identify
134,Adhesion class orphans,orphan,0.0,Similarity
135,Adhesion class orphans,orphan,0.0,Identify
136,Adhesion class orphans,orphan,0.0,Similarity
137,Adhesion class orphans,orphan,0.0,Identify
138,Adhesion class orphans,orphan,0.0,Similarity
139,Adhesion class orphans,orphan,0.0,Identify
140,Adhesion class orphans,orphan,0.0,Similarity
141,Adhesion class orphans,orphan,0.0,Identify
142,Adhesion class orphans,orphan,0.0,Similarity
143,Adhesion class orphans,orphan,0.0,Identify
144,Adhesion class orphans,orphan,0.0,Similarity
145,Adhesion class orphans,orphan,0.0,Identify
146,Adhesion class orphans,orphan,0.0,Similarity
147,Adhesion class orphans,orphan,0.0,Identify
148,Adhesion class orphans,orphan,0.0,Similarity
149,Adhesion class orphans,orphan,0.0,Identify
150,Adhesion class orphans,orphan,0.0,Similarity
151,Adhesion class orphans,orphan,0.0,Identify
152,Adhesion class orphans,orphan,0.0,Similarity
153,Adhesion class orphans,orphan,0.0,Identify
154,Adhesion class orphans,orphan,0.0,Similarity
155,Adhesion class orphans,orphan,0.0,Identify
156,Adhesion class orphans,orphan,0.0,Similarity
157,Adhesion class orphans,orphan,0.0,Identify
158,Adhesion class orphans,orphan,0.0,Similarity
159,Adhesion class orphans,orphan,0.0,Identify
160,Adhesion class orphans,orphan,0.0,Similarity
161,Adhesion class orphans,orphan,0.0,Identify
162,Adhesion class orphans,orphan,0.0,Similarity
163,Adhesion class orphans,orphan,0.0,Identify
164,Adhesion class orphans,orphan,0.0,Similarity
165,Adhesion class orphans,orphan,0.0,Identify
166,Adhesion class orphans,orphan,0.0,Similarity
167,Adhesion class orphans,orphan,0.0,Identify
168,Adhesion class orphans,orphan,0.0,Similarity
169,Adhesion class orphans,orphan,0.0,Identify
170,Adhesion class orphans,orphan,0.0,Similarity
171,Adhesion class orphans,orphan,0.0,Identify
172,Adhesion class orphans,orphan,0.0,Similarity
173,Adhesion class orphans,orphan,0.0,Identify
174,Adhesion class orphans,orphan,0.0,Similarity
175,Adhesion class orphans,orphan,0.0,Identify
176,Adhesion class orphans,orphan,0.0,Similarity
177,Adhesion class orphans,orphan,0.0,Identify
178,Adhesion class orphans,orphan,0.0,Similarity
179,Adhesion class orphans,orphan,0.0,Identify
180,Adhesion class orphans,orphan,0.0,Similarity
181,Adhesion class orphans,orphan,0.0,Identify
182,Adhesion class orphans,orphan,0.0,Similarity
183,Adhesion class orphans,orphan,0.0,Identify
184,Adhesion class orphans,orphan,0.0,Similarity
185,Adhesion class orphans,orphan,0.0,Identify
186,Adhesion class orphans,orphan,86.0,Similarity
187,Adhesion class orphans,orphan,69.0,Identify
188,Adhesion class orphans,orphan,60.0,Similarity
189,Adhesion class orphans,orphan,44.0,Identify
190,Adhesion class orphans,orphan,59.0,Similarity
191,Adhesion class orphans,orphan,39.0,Identify
192,Adhesion class orphans,orphan,59.0,Similarity
193,Adhesion class orphans,orphan,33.0,Identify
194,Adhesion class orphans,orphan,54.0,Similarity
195,Adhesion class orphans,orphan,39.0,Identify
196,Adhesion class orphans,orphan,54.0,Similarity
197,Adhesion class orphans,orphan,33.0,Identify
198,Adhesion class orphans,orphan,53.0,Similarity
199,Adhesion class orphans,orphan,31.0,Identify
200,Adhesion class orphans,orphan,52.0,Similarity
201,Adhesion class orphans,orphan,38.0,Identify
202,Adhesion class orphans,orphan,52.0,Similarity
203,Adhesion class orphans,orphan,29.0,Identify
204,Adhesion class orphans,orphan,50.0,Similarity
205,Adhesion class orphans,orphan,35.0,Identify
206,Adhesion class orphans,orphan,46.0,Similarity
207,Adhesion class orphans,orphan,27.0,Identify
208,Adhesion class orphans,orphan,45.0,Similarity
209,Adhesion class orphans,orphan,25.0,Identify
210,Adhesion class orphans,orphan,43.0,Similarity
211,Adhesion class orphans,orphan,26.0,Identify
212,Adhesion class orphans,orphan,43.0,Similarity
213,Adhesion class orphans,orphan,25.0,Identify
214,Adhesion class orphans,orphan,43.0,Similarity
215,Adhesion class orphans,orphan,22.0,Identify
216,Adhesion class orphans,orphan,39.0,Similarity
217,Adhesion class orphans,orphan,26.0,Identify
218,Adhesion class orphans,orphan,38.0,Similarity
219,Adhesion class orphans,orphan,20.0,Identify
220,Adhesion class orphans,orphan,38.0,Similarity
221,Adhesion class orphans,orphan,18.0,Identify
222,Adhesion class orphans,orphan,38.0,Similarity
223,Adhesion class orphans,orphan,18.0,Identify
224,Adhesion class orphans,orphan,37.0,Similarity
225,Adhesion class orphans,orphan,21.0,Identify
226,Adhesion class orphans,orphan,34.0,Similarity
227,Adhesion class orphans,orphan,17.0,Identify
228,Adhesion class orphans,orphan,33.0,Similarity
229,Adhesion class orphans,orphan,22.0,Identify
230,Adhesion class orphans,orphan,33.0,Similarity
231,Adhesion class orphans,orphan,17.0,Identify
232,Adhesion class orphans,orphan,32.0,Similarity
233,Adhesion class orphans,orphan,16.0,Identify
234,Adhesion class orphans,orphan,32.0,Similarity
235,Adhesion class orphans,orphan,14.0,Identify
236,Adhesion class orphans,orphan,30.0,Similarity
237,Adhesion class orphans,orphan,17.0,Identify
238,Adhesion class orphans,orphan,28.0,Similarity
239,Adhesion class orphans,orphan,14.0,Identify
240,Adhesion class orphans,orphan,15.0,Similarity
241,Adhesion class orphans,orphan,5.0,Identify
242,Adhesion class orphans,orphan,11.0,Similarity
243,Adhesion class orphans,orphan,6.0,Identify
244,Adhesion class orphans,orphan,36.0,Similarity
245,Adhesion class orphans,orphan,22.0,Identify
246,Adhesion class orphans,orphan,34.0,Similarity
247,Adhesion class orphans,orphan,23.0,Identify
248,Adhesion class orphans,orphan,32.0,Similarity
249,Adhesion class orphans,orphan,18.0,Identify
250,Adhesion class orphans,orphan,32.0,Similarity
251,Adhesion class orphans,orphan,18.0,Identify
252,Adhesion class orphans,orphan,32.0,Similarity
253,Adhesion class orphans,orphan,15.0,Identify
254,Adhesion class orphans,orphan,31.0,Similarity
255,Adhesion class orphans,orphan,19.0,Identify
256,Adhesion class orphans,orphan,31.0,Similarity
257,Adhesion class orphans,orphan,16.0,Identify
258,Adhesion class orphans,orphan,31.0,Similarity
259,Adhesion class orphans,orphan,16.0,Identify
260,Adhesion class orphans,orphan,31.0,Similarity
261,Adhesion class orphans,orphan,14.0,Identify
262,Adhesion class orphans,orphan,30.0,Similarity
263,Adhesion class orphans,orphan,16.0,Identify
264,Adhesion class orphans,orphan,30.0,Similarity
265,Adhesion class orphans,orphan,16.0,Identify
266,Adhesion class orphans,orphan,30.0,Similarity
267,Adhesion class orphans,orphan,14.0,Identify
268,Adhesion class orphans,orphan,29.0,Similarity
269,Adhesion class orphans,orphan,18.0,Identify
270,Adhesion class orphans,orphan,29.0,Similarity
271,Adhesion class orphans,orphan,14.0,Identify
272,Adhesion class orphans,orphan,28.0,Similarity
273,Adhesion class orphans,orphan,16.0,Identify
274,Adhesion class orphans,orphan,28.0,Similarity
275,Adhesion class orphans,orphan,16.0,Identify
276,Adhesion class orphans,orphan,28.0,Similarity
277,Adhesion class orphans,orphan,16.0,Identify
278,Adhesion class orphans,orphan,28.0,Similarity
279,Adhesion class orphans,orphan,13.0,Identify
280,Adhesion class orphans,orphan,28.0,Similarity
281,Adhesion class orphans,orphan,12.0,Identify
282,Adhesion class orphans,orphan,27.0,Similarity
283,Adhesion class orphans,orphan,15.0,Identify
284,Adhesion class orphans,orphan,27.0,Similarity
285,Adhesion class orphans,orphan,15.0,Identify
286,Adhesion class orphans,orphan,26.0,Similarity
287,Adhesion class orphans,orphan,17.0,Identify
288,Adhesion class orphans,orphan,26.0,Similarity
289,Adhesion class orphans,orphan,12.0,Identify
290,Adhesion class orphans,orphan,25.0,Similarity
291,Adhesion class orphans,orphan,12.0,Identify
292,Adhesion class orphans,orphan,24.0,Similarity
293,Adhesion class orphans,orphan,13.0,Identify
294,Adhesion class orphans,orphan,23.0,Similarity
295,Adhesion class orphans,orphan,11.0,Identify
296,Adhesion class orphans,orphan,15.0,Similarity
297,Adhesion class orphans,orphan,6.0,Identify
298,Adhesion class orphans,orphan,15.0,Similarity
299,Adhesion class orphans,orphan,3.0,Identify
300,Adhesion class orphans,orphan,56.0,Similarity
301,Adhesion class orphans,orphan,44.0,Identify
302,Adhesion class orphans,orphan,39.0,Similarity
303,Adhesion class orphans,orphan,22.0,Identify
304,Adhesion class orphans,orphan,38.0,Similarity
305,Adhesion class orphans,orphan,24.0,Identify
306,Adhesion class orphans,orphan,37.0,Similarity
307,Adhesion class orphans,orphan,18.0,Identify
308,Adhesion class orphans,orphan,36.0,Similarity
309,Adhesion class orphans,orphan,23.0,Identify
310,Adhesion class orphans,orphan,36.0,Similarity
311,Adhesion class orphans,orphan,19.0,Identify
312,Adhesion class orphans,orphan,34.0,Similarity
313,Adhesion class orphans,orphan,19.0,Identify
314,Adhesion class orphans,orphan,34.0,Similarity
315,Adhesion class orphans,orphan,17.0,Identify
316,Adhesion class orphans,orphan,34.0,Similarity
317,Adhesion class orphans,orphan,16.0,Identify
318,Adhesion class orphans,orphan,34.0,Similarity
319,Adhesion class orphans,orphan,14.0,Identify
320,Adhesion class orphans,orphan,33.0,Similarity
321,Adhesion class orphans,orphan,17.0,Identify
322,Adhesion class orphans,orphan,32.0,Similarity
323,Adhesion class orphans,orphan,17.0,Identify
324,Adhesion class orphans,orphan,32.0,Similarity
325,Adhesion class orphans,orphan,17.0,Identify
326,Adhesion class orphans,orphan,32.0,Similarity
327,Adhesion class orphans,orphan,15.0,Identify
328,Adhesion class orphans,orphan,32.0,Similarity
329,Adhesion class orphans,orphan,15.0,Identify
330,Adhesion class orphans,orphan,32.0,Similarity
331,Adhesion class orphans,orphan,12.0,Identify
332,Adhesion class orphans,orphan,31.0,Similarity
333,Adhesion class orphans,orphan,15.0,Identify
334,Adhesion class orphans,orphan,30.0,Similarity
335,Adhesion class orphans,orphan,16.0,Identify
336,Adhesion class orphans,orphan,30.0,Similarity
337,Adhesion class orphans,orphan,16.0,Identify
338,Adhesion class orphans,orphan,30.0,Similarity
339,Adhesion class orphans,orphan,16.0,Identify
340,Adhesion class orphans,orphan,29.0,Similarity
341,Adhesion class orphans,orphan,15.0,Identify
342,Adhesion class orphans,orphan,29.0,Similarity
343,Adhesion class orphans,orphan,15.0,Identify
344,Adhesion class orphans,orphan,26.0,Similarity
345,Adhesion class orphans,orphan,12.0,Identify
346,Adhesion class orphans,orphan,23.0,Similarity
347,Adhesion class orphans,orphan,11.0,Identify
348,Adhesion class orphans,orphan,22.0,Similarity
349,Adhesion class orphans,orphan,8.0,Identify
350,Adhesion class orphans,orphan,20.0,Similarity
351,Adhesion class orphans,orphan,8.0,Identify
352,Adhesion class orphans,orphan,12.0,Similarity
353,Adhesion class orphans,orphan,4.0,Identify
354,Adhesion class orphans,orphan,53.0,Similarity
355,Adhesion class orphans,orphan,38.0,Identify
356,Adhesion class orphans,orphan,51.0,Similarity
357,Adhesion class orphans,orphan,31.0,Identify
358,Adhesion class orphans,orphan,50.0,Similarity
359,Adhesion class orphans,orphan,36.0,Identify
360,Adhesion class orphans,orphan,46.0,Similarity
361,Adhesion class orphans,orphan,30.0,Identify
362,Adhesion class orphans,orphan,46.0,Similarity
363,Adhesion class orphans,orphan,30.0,Identify
364,Adhesion class orphans,orphan,44.0,Similarity
365,Adhesion class orphans,orphan,28.0,Identify
366,Adhesion class orphans,orphan,44.0,Similarity
367,Adhesion class orphans,orphan,28.0,Identify
368,Adhesion class orphans,orphan,43.0,Similarity
369,Adhesion class orphans,orphan,25.0,Identify
370,Adhesion class orphans,orphan,43.0,Similarity
371,Adhesion class orphans,orphan,21.0,Identify
372,Adhesion class orphans,orphan,39.0,Similarity
373,Adhesion class orphans,orphan,23.0,Identify
374,Adhesion class orphans,orphan,39.0,Similarity
375,Adhesion class orphans,orphan,22.0,Identify
376,Adhesion class orphans,orphan,37.0,Similarity
377,Adhesion class orphans,orphan,21.0,Identify
378,Adhesion class orphans,orphan,37.0,Similarity
379,Adhesion class orphans,orphan,20.0,Identify
380,Adhesion class orphans,orphan,36.0,Similarity
381,Adhesion class orphans,orphan,20.0,Identify
382,Adhesion class orphans,orphan,36.0,Similarity
383,Adhesion class orphans,orphan,19.0,Identify
384,Adhesion class orphans,orphan,36.0,Similarity
385,Adhesion class orphans,orphan,18.0,Identify
386,Adhesion class orphans,orphan,34.0,Similarity
387,Adhesion class orphans,orphan,16.0,Identify
388,Adhesion class orphans,orphan,33.0,Similarity
389,Adhesion class orphans,orphan,20.0,Identify
390,Adhesion class orphans,orphan,33.0,Similarity
391,Adhesion class orphans,orphan,19.0,Identify
392,Adhesion class orphans,orphan,33.0,Similarity
393,Adhesion class orphans,orphan,18.0,Identify
394,Adhesion class orphans,orphan,33.0,Similarity
395,Adhesion class orphans,orphan,13.0,Identify
396,Adhesion class orphans,orphan,32.0,Similarity
397,Adhesion class orphans,orphan,15.0,Identify
398,Adhesion class orphans,orphan,29.0,Similarity
399,Adhesion class orphans,orphan,19.0,Identify
400,Adhesion class orphans,orphan,26.0,Similarity
401,Adhesion class orphans,orphan,10.0,Identify
402,Adhesion class orphans,orphan,18.0,Similarity
403,Adhesion class orphans,orphan,9.0,Identify
404,Adhesion class orphans,orphan,13.0,Similarity
405,Adhesion class orphans,orphan,5.0,Identify
406,Adhesion class orphans,orphan,57.0,Similarity
407,Adhesion class orphans,orphan,34.0,Identify
408,Adhesion class orphans,orphan,53.0,Similarity
409,Adhesion class orphans,orphan,34.0,Identify
410,Adhesion class orphans,orphan,53.0,Similarity
411,Adhesion class orphans,orphan,29.0,Identify
412,Adhesion class orphans,orphan,51.0,Similarity
413,Adhesion class orphans,orphan,30.0,Identify
414,Adhesion class orphans,orphan,50.0,Similarity
415,Adhesion class orphans,orphan,32.0,Identify
416,Adhesion class orphans,orphan,50.0,Similarity
417,Adhesion class orphans,orphan,30.0,Identify
418,Adhesion class orphans,orphan,50.0,Similarity
419,Adhesion class orphans,orphan,29.0,Identify
420,Adhesion class orphans,orphan,50.0,Similarity
421,Adhesion class orphans,orphan,28.0,Identify
422,Adhesion class orphans,orphan,50.0,Similarity
423,Adhesion class orphans,orphan,26.0,Identify
424,Adhesion class orphans,orphan,49.0,Similarity
425,Adhesion class orphans,orphan,27.0,Identify
426,Adhesion class orphans,orphan,47.0,Similarity
427,Adhesion class orphans,orphan,26.0,Identify
428,Adhesion class orphans,orphan,47.0,Similarity
429,Adhesion class orphans,orphan,24.0,Identify
430,Adhesion class orphans,orphan,43.0,Similarity
431,Adhesion class orphans,orphan,29.0,Identify
432,Adhesion class orphans,orphan,43.0,Similarity
433,Adhesion class orphans,orphan,25.0,Identify
434,Adhesion class orphans,orphan,43.0,Similarity
435,Adhesion class orphans,orphan,20.0,Identify
436,Adhesion class orphans,orphan,42.0,Similarity
437,Adhesion class orphans,orphan,21.0,Identify
438,Adhesion class orphans,orphan,41.0,Similarity
439,Adhesion class orphans,orphan,22.0,Identify
440,Adhesion class orphans,orphan,38.0,Similarity
441,Adhesion class orphans,orphan,20.0,Identify
442,Adhesion class orphans,orphan,37.0,Similarity
443,Adhesion class orphans,orphan,19.0,Identify
444,Adhesion class orphans,orphan,35.0,Similarity
445,Adhesion class orphans,orphan,20.0,Identify
446,Adhesion class orphans,orphan,34.0,Similarity
447,Adhesion class orphans,orphan,16.0,Identify
448,Adhesion class orphans,orphan,32.0,Similarity
449,Adhesion class orphans,orphan,18.0,Identify
450,Adhesion class orphans,orphan,29.0,Similarity
451,Adhesion class orphans,orphan,13.0,Identify
452,Adhesion class orphans,orphan,18.0,Similarity
453,Adhesion class orphans,orphan,8.0,Identify
454,Adhesion class orphans,orphan,15.0,Similarity
455,Adhesion class orphans,orphan,6.0,Identify
456,Adhesion class orphans,orphan,41.0,Similarity
457,Adhesion class orphans,orphan,26.0,Identify
458,Adhesion class orphans,orphan,39.0,Similarity
459,Adhesion class orphans,orphan,18.0,Identify
460,Adhesion class orphans,orphan,35.0,Similarity
461,Adhesion class orphans,orphan,16.0,Identify
462,Adhesion class orphans,orphan,34.0,Similarity
463,Adhesion class orphans,orphan,19.0,Identify
464,Adhesion class orphans,orphan,34.0,Similarity
465,Adhesion class orphans,orphan,19.0,Identify
466,Adhesion class orphans,orphan,33.0,Similarity
467,Adhesion class orphans,orphan,18.0,Identify
468,Adhesion class orphans,orphan,33.0,Similarity
469,Adhesion class orphans,orphan,18.0,Identify
470,Adhesion class orphans,orphan,33.0,Similarity
471,Adhesion class orphans,orphan,16.0,Identify
472,Adhesion class orphans,orphan,32.0,Similarity
473,Adhesion class orphans,orphan,20.0,Identify
474,Adhesion class orphans,orphan,32.0,Similarity
475,Adhesion class orphans,orphan,18.0,Identify
476,Adhesion class orphans,orphan,32.0,Similarity
477,Adhesion class orphans,orphan,18.0,Identify
478,Adhesion class orphans,orphan,32.0,Similarity
479,Adhesion class orphans,orphan,16.0,Identify
480,Adhesion class orphans,orphan,31.0,Similarity
481,Adhesion class orphans,orphan,17.0,Identify
482,Adhesion class orphans,orphan,30.0,Similarity
483,Adhesion class orphans,orphan,17.0,Identify
484,Adhesion class orphans,orphan,30.0,Similarity
485,Adhesion class orphans,orphan,14.0,Identify
486,Adhesion class orphans,orphan,30.0,Similarity
487,Adhesion class orphans,orphan,12.0,Identify
488,Adhesion class orphans,orphan,29.0,Similarity
489,Adhesion class orphans,orphan,18.0,Identify
490,Adhesion class orphans,orphan,29.0,Similarity
491,Adhesion class orphans,orphan,17.0,Identify
492,Adhesion class orphans,orphan,29.0,Similarity
493,Adhesion class orphans,orphan,14.0,Identify
494,Adhesion class orphans,orphan,29.0,Similarity
495,Adhesion class orphans,orphan,13.0,Identify
496,Adhesion class orphans,orphan,28.0,Similarity
497,Adhesion class orphans,orphan,13.0,Identify
498,Adhesion class orphans,orphan,23.0,Similarity
499,Adhesion class orphans,orphan,10.0,Identify
500,Adhesion class orphans,orphan,20.0,Similarity
501,Adhesion class orphans,orphan,9.0,Identify
502,Adhesion class orphans,orphan,11.0,Similarity
503,Adhesion class orphans,orphan,6.0,Identify
504,Adhesion class orphans,orphan,42.0,Similarity
505,Adhesion class orphans,orphan,26.0,Identify
506,Adhesion class orphans,orphan,41.0,Similarity
507,Adhesion class orphans,orphan,25.0,Identify
508,Adhesion class orphans,orphan,40.0,Similarity
509,Adhesion class orphans,orphan,23.0,Identify
510,Adhesion class orphans,orphan,40.0,Similarity
511,Adhesion class orphans,orphan,23.0,Identify
512,Adhesion class orphans,orphan,40.0,Similarity
513,Adhesion class orphans,orphan,21.0,Identify
514,Adhesion class orphans,orphan,38.0,Similarity
515,Adhesion class orphans,orphan,24.0,Identify
516,Adhesion class orphans,orphan,37.0,Similarity
517,Adhesion class orphans,orphan,21.0,Identify
518,Adhesion class orphans,orphan,37.0,Similarity
519,Adhesion class orphans,orphan,21.0,Identify
520,Adhesion class orphans,orphan,37.0,Similarity
521,Adhesion class orphans,orphan,19.0,Identify
522,Adhesion class orphans,orphan,36.0,Similarity
523,Adhesion class orphans,orphan,21.0,Identify
524,Adhesion class orphans,orphan,35.0,Similarity
525,Adhesion class orphans,orphan,17.0,Identify
526,Adhesion class orphans,orphan,34.0,Similarity
527,Adhesion class orphans,orphan,19.0,Identify
528,Adhesion class orphans,orphan,34.0,Similarity
529,Adhesion class orphans,orphan,19.0,Identify
530,Adhesion class orphans,orphan,34.0,Similarity
531,Adhesion class orphans,orphan,18.0,Identify
532,Adhesion class orphans,orphan,34.0,Similarity
533,Adhesion class orphans,orphan,17.0,Identify
534,Adhesion class orphans,orphan,34.0,Similarity
535,Adhesion class orphans,orphan,17.0,Identify
536,Adhesion class orphans,orphan,33.0,Similarity
537,Adhesion class orphans,orphan,18.0,Identify
538,Adhesion class orphans,orphan,32.0,Similarity
539,Adhesion class orphans,orphan,19.0,Identify
540,Adhesion class orphans,orphan,31.0,Similarity
541,Adhesion class orphans,orphan,17.0,Identify
542,Adhesion class orphans,orphan,30.0,Similarity
543,Adhesion class orphans,orphan,14.0,Identify
544,Adhesion class orphans,orphan,26.0,Similarity
545,Adhesion class orphans,orphan,15.0,Identify
546,Adhesion class orphans,orphan,18.0,Similarity
547,Adhesion class orphans,orphan,7.0,Identify
548,Adhesion class orphans,orphan,16.0,Similarity
549,Adhesion class orphans,orphan,5.0,Identify
550,Adhesion class orphans,orphan,59.0,Similarity
551,Adhesion class orphans,orphan,39.0,Identify
552,Adhesion class orphans,orphan,54.0,Similarity
553,Adhesion class orphans,orphan,34.0,Identify
554,Adhesion class orphans,orphan,53.0,Similarity
555,Adhesion class orphans,orphan,32.0,Identify
556,Adhesion class orphans,orphan,49.0,Similarity
557,Adhesion class orphans,orphan,27.0,Identify
558,Adhesion class orphans,orphan,47.0,Similarity
559,Adhesion class orphans,orphan,27.0,Identify
560,Adhesion class orphans,orphan,47.0,Similarity
561,Adhesion class orphans,orphan,26.0,Identify
562,Adhesion class orphans,orphan,47.0,Similarity
563,Adhesion class orphans,orphan,26.0,Identify
564,Adhesion class orphans,orphan,46.0,Similarity
565,Adhesion class orphans,orphan,26.0,Identify
566,Adhesion class orphans,orphan,46.0,Similarity
567,Adhesion class orphans,orphan,26.0,Identify
568,Adhesion class orphans,orphan,45.0,Similarity
569,Adhesion class orphans,orphan,23.0,Identify
570,Adhesion class orphans,orphan,43.0,Similarity
571,Adhesion class orphans,orphan,25.0,Identify
572,Adhesion class orphans,orphan,40.0,Similarity
573,Adhesion class orphans,orphan,22.0,Identify
574,Adhesion class orphans,orphan,39.0,Similarity
575,Adhesion class orphans,orphan,18.0,Identify
576,Adhesion class orphans,orphan,38.0,Similarity
577,Adhesion class orphans,orphan,18.0,Identify
578,Adhesion class orphans,orphan,37.0,Similarity
579,Adhesion class orphans,orphan,21.0,Identify
580,Adhesion class orphans,orphan,37.0,Similarity
581,Adhesion class orphans,orphan,18.0,Identify
582,Adhesion class orphans,orphan,35.0,Similarity
583,Adhesion class orphans,orphan,20.0,Identify
584,Adhesion class orphans,orphan,34.0,Similarity
585,Adhesion class orphans,orphan,19.0,Identify
586,Adhesion class orphans,orphan,30.0,Similarity
587,Adhesion class orphans,orphan,15.0,Identify
588,Adhesion class orphans,orphan,30.0,Similarity
589,Adhesion class orphans,orphan,11.0,Identify
590,Adhesion class orphans,orphan,16.0,Similarity
591,Adhesion class orphans,orphan,4.0,Identify
592,Adhesion class orphans,orphan,15.0,Similarity
593,Adhesion class orphans,orphan,4.0,Identify
594,Adhesion class orphans,orphan,34.0,Similarity
595,Adhesion class orphans,orphan,19.0,Identify
596,Adhesion class orphans,orphan,32.0,Similarity
597,Adhesion class orphans,orphan,19.0,Identify
598,Adhesion class orphans,orphan,31.0,Similarity
599,Adhesion class orphans,orphan,18.0,Identify
600,Adhesion class orphans,orphan,31.0,Similarity
601,Adhesion class orphans,orphan,18.0,Identify
602,Adhesion class orphans,orphan,30.0,Similarity
603,Adhesion class orphans,orphan,19.0,Identify
604,Adhesion class orphans,orphan,30.0,Similarity
605,Adhesion class orphans,orphan,18.0,Identify
606,Adhesion class orphans,orphan,30.0,Similarity
607,Adhesion class orphans,orphan,17.0,Identify
608,Adhesion class orphans,orphan,30.0,Similarity
609,Adhesion class orphans,orphan,17.0,Identify
610,Adhesion class orphans,orphan,28.0,Similarity
611,Adhesion class orphans,orphan,16.0,Identify
612,Adhesion class orphans,orphan,28.0,Similarity
613,Adhesion class orphans,orphan,14.0,Identify
614,Adhesion class orphans,orphan,27.0,Similarity
615,Adhesion class orphans,orphan,17.0,Identify
616,Adhesion class orphans,orphan,27.0,Similarity
617,Adhesion class orphans,orphan,16.0,Identify
618,Adhesion class orphans,orphan,27.0,Similarity
619,Adhesion class orphans,orphan,15.0,Identify
620,Adhesion class orphans,orphan,27.0,Similarity
621,Adhesion class orphans,orphan,14.0,Identify
622,Adhesion class orphans,orphan,26.0,Similarity
623,Adhesion class orphans,orphan,14.0,Identify
624,Adhesion class orphans,orphan,25.0,Similarity
625,Adhesion class orphans,orphan,12.0,Identify
626,Adhesion class orphans,orphan,25.0,Similarity
627,Adhesion class orphans,orphan,12.0,Identify
628,Adhesion class orphans,orphan,23.0,Similarity
629,Adhesion class orphans,orphan,11.0,Identify
630,Adhesion class orphans,orphan,20.0,Similarity
631,Adhesion class orphans,orphan,9.0,Identify
632,Adhesion class orphans,orphan,16.0,Similarity
633,Adhesion class orphans,orphan,6.0,Identify
634,Adhesion class orphans,orphan,15.0,Similarity
635,Adhesion class orphans,orphan,7.0,Identify
636,Adhesion class orphans,orphan,20.0,Similarity
637,Adhesion class orphans,orphan,9.0,Identify
638,Adhesion class orphans,orphan,20.0,Similarity
639,Adhesion class orphans,orphan,8.0,Identify
640,Adhesion class orphans,orphan,18.0,Similarity
641,Adhesion class orphans,orphan,7.0,Identify
642,Adhesion class orphans,orphan,16.0,Similarity
643,Adhesion class orphans,orphan,6.0,Identify
644,Adhesion class orphans,orphan,16.0,Similarity
645,Adhesion class orphans,orphan,6.0,Identify
646,Adhesion class orphans,orphan,16.0,Similarity
647,Adhesion class orphans,orphan,6.0,Identify
648,Adhesion class orphans,orphan,15.0,Similarity
649,Adhesion class orphans,orphan,5.0,Identify
650,Adhesion class orphans,orphan,14.0,Similarity
651,Adhesion class orphans,orphan,5.0,Identify
652,Adhesion class orphans,orphan,14.0,Similarity
653,Adhesion class orphans,orphan,5.0,Identify
654,Adhesion class orphans,orphan,14.0,Similarity
655,Adhesion class orphans,orphan,3.0,Identify
656,Adhesion class orphans,orphan,13.0,Similarity
657,Adhesion class orphans,orphan,6.0,Identify
658,Adhesion class orphans,orphan,13.0,Similarity
659,Adhesion class orphans,orphan,5.0,Identify
660,Adhesion class orphans,orphan,13.0,Similarity
661,Adhesion class orphans,orphan,5.0,Identify
662,Adhesion class orphans,orphan,12.0,Similarity
663,Adhesion class orphans,orphan,6.0,Identify
664,Adhesion class orphans,orphan,12.0,Similarity
665,Adhesion class orphans,orphan,5.0,Identify
666,Adhesion class orphans,orphan,12.0,Similarity
667,Adhesion class orphans,orphan,4.0,Identify
668,Adhesion class orphans,orphan,12.0,Similarity
669,Adhesion class orphans,orphan,4.0,Identify
670,Adhesion class orphans,orphan,12.0,Similarity
671,Adhesion class orphans,orphan,4.0,Identify
672,Adhesion class orphans,orphan,12.0,Similarity
673,Adhesion class orphans,orphan,4.0,Identify
674,Adhesion class orphans,orphan,12.0,Similarity
675,Adhesion class orphans,orphan,3.0,Identify
676,Adhesion class orphans,orphan,62.0,Similarity
677,Adhesion class orphans,orphan,41.0,Identify
678,Adhesion class orphans,orphan,61.0,Similarity
679,Adhesion class orphans,orphan,42.0,Identify
680,Adhesion class orphans,orphan,58.0,Similarity
681,Adhesion class orphans,orphan,34.0,Identify
682,Adhesion class orphans,orphan,55.0,Similarity
683,Adhesion class orphans,orphan,38.0,Identify
684,Adhesion class orphans,orphan,53.0,Similarity
685,Adhesion class orphans,orphan,34.0,Identify
686,Adhesion class orphans,orphan,53.0,Similarity
687,Adhesion class orphans,orphan,33.0,Identify
688,Adhesion class orphans,orphan,47.0,Similarity
689,Adhesion class orphans,orphan,26.0,Identify
690,Adhesion class orphans,orphan,47.0,Similarity
691,Adhesion class orphans,orphan,24.0,Identify
692,Adhesion class orphans,orphan,45.0,Similarity
693,Adhesion class orphans,orphan,29.0,Identify
694,Adhesion class orphans,orphan,45.0,Similarity
695,Adhesion class orphans,orphan,24.0,Identify
696,Adhesion class orphans,orphan,44.0,Similarity
697,Adhesion class orphans,orphan,25.0,Identify
698,Adhesion class orphans,orphan,41.0,Similarity
699,Adhesion class orphans,orphan,19.0,Identify
700,Adhesion class orphans,orphan,40.0,Similarity
701,Adhesion class orphans,orphan,23.0,Identify
702,Adhesion class orphans,orphan,40.0,Similarity
703,Adhesion class orphans,orphan,18.0,Identify
704,Adhesion class orphans,orphan,38.0,Similarity
705,Adhesion class orphans,orphan,24.0,Identify
706,Adhesion class orphans,orphan,33.0,Similarity
707,Adhesion class orphans,orphan,19.0,Identify
708,Adhesion class orphans,orphan,33.0,Similarity
709,Adhesion class orphans,orphan,16.0,Identify
710,Adhesion class orphans,orphan,32.0,Similarity
711,Adhesion class orphans,orphan,20.0,Identify
712,Adhesion class orphans,orphan,17.0,Similarity
713,Adhesion class orphans,orphan,5.0,Identify
714,Adhesion class orphans,orphan,92.0,Similarity
715,Adhesion class orphans,orphan,80.0,Identify
716,Adhesion class orphans,orphan,45.0,Similarity
717,Adhesion class orphans,orphan,21.0,Identify
718,Adhesion class orphans,orphan,44.0,Similarity
719,Adhesion class orphans,orphan,21.0,Identify
720,Adhesion class orphans,orphan,43.0,Similarity
721,Adhesion class orphans,orphan,31.0,Identify
722,Adhesion class orphans,orphan,43.0,Similarity
723,Adhesion class orphans,orphan,21.0,Identify
724,Adhesion class orphans,orphan,42.0,Similarity
725,Adhesion class orphans,orphan,23.0,Identify
726,Adhesion class orphans,orphan,42.0,Similarity
727,Adhesion class orphans,orphan,22.0,Identify
728,Adhesion class orphans,orphan,41.0,Similarity
729,Adhesion class orphans,orphan,18.0,Identify
730,Adhesion class orphans,orphan,39.0,Similarity
731,Adhesion class orphans,orphan,19.0,Identify
732,Adhesion class orphans,orphan,37.0,Similarity
733,Adhesion class orphans,orphan,17.0,Identify
734,Adhesion class orphans,orphan,37.0,Similarity
735,Adhesion class orphans,orphan,16.0,Identify
736,Adhesion class orphans,orphan,36.0,Similarity
737,Adhesion class orphans,orphan,17.0,Identify
738,Adhesion class orphans,orphan,33.0,Similarity
739,Adhesion class orphans,orphan,19.0,Identify
740,Adhesion class orphans,orphan,33.0,Similarity
741,Adhesion class orphans,orphan,14.0,Identify
742,Adhesion class orphans,orphan,32.0,Similarity
743,Adhesion class orphans,orphan,13.0,Identify
744,Adhesion class orphans,orphan,30.0,Similarity
745,Adhesion class orphans,orphan,13.0,Identify
746,Adhesion class orphans,orphan,26.0,Similarity
747,Adhesion class orphans,orphan,15.0,Identify
748,Adhesion class orphans,orphan,17.0,Similarity
749,Adhesion class orphans,orphan,3.0,Identify
750,Adhesion class orphans,orphan,69.0,Similarity
751,Adhesion class orphans,orphan,55.0,Identify
752,Adhesion class orphans,orphan,49.0,Similarity
753,Adhesion class orphans,orphan,33.0,Identify
754,Adhesion class orphans,orphan,48.0,Similarity
755,Adhesion class orphans,orphan,29.0,Identify
756,Adhesion class orphans,orphan,46.0,Similarity
757,Adhesion class orphans,orphan,31.0,Identify
758,Adhesion class orphans,orphan,45.0,Similarity
759,Adhesion class orphans,orphan,23.0,Identify
760,Adhesion class orphans,orphan,42.0,Similarity
761,Adhesion class orphans,orphan,23.0,Identify
762,Adhesion class orphans,orphan,41.0,Similarity
763,Adhesion class orphans,orphan,22.0,Identify
764,Adhesion class orphans,orphan,40.0,Similarity
765,Adhesion class orphans,orphan,24.0,Identify
766,Adhesion class orphans,orphan,40.0,Similarity
767,Adhesion class orphans,orphan,22.0,Identify
768,Adhesion class orphans,orphan,39.0,Similarity
769,Adhesion class orphans,orphan,23.0,Identify
770,Adhesion class orphans,orphan,39.0,Similarity
771,Adhesion class orphans,orphan,23.0,Identify
772,Adhesion class orphans,orphan,39.0,Similarity
773,Adhesion class orphans,orphan,21.0,Identify
774,Adhesion class orphans,orphan,37.0,Similarity
775,Adhesion class orphans,orphan,23.0,Identify
776,Adhesion class orphans,orphan,36.0,Similarity
777,Adhesion class orphans,orphan,20.0,Identify
778,Adhesion class orphans,orphan,36.0,Similarity
779,Adhesion class orphans,orphan,19.0,Identify
780,Adhesion class orphans,orphan,35.0,Similarity
781,Adhesion class orphans,orphan,18.0,Identify
782,Adhesion class orphans,orphan,17.0,Similarity
783,Adhesion class orphans,orphan,6.0,Identify
784,Adhesion class orphans,orphan,79.0,Similarity
785,Adhesion class orphans,orphan,58.0,Identify
786,Adhesion class orphans,orphan,55.0,Similarity
787,Adhesion class orphans,orphan,34.0,Identify
788,Adhesion class orphans,orphan,55.0,Similarity
789,Adhesion class orphans,orphan,31.0,Identify
790,Adhesion class orphans,orphan,55.0,Similarity
791,Adhesion class orphans,orphan,30.0,Identify
792,Adhesion class orphans,orphan,48.0,Similarity
793,Adhesion class orphans,orphan,28.0,Identify
794,Adhesion class orphans,orphan,45.0,Similarity
795,Adhesion class orphans,orphan,25.0,Identify
796,Adhesion class orphans,orphan,45.0,Similarity
797,Adhesion class orphans,orphan,21.0,Identify
798,Adhesion class orphans,orphan,44.0,Similarity
799,Adhesion class orphans,orphan,21.0,Identify
800,Adhesion class orphans,orphan,43.0,Similarity
801,Adhesion class orphans,orphan,26.0,Identify
802,Adhesion class orphans,orphan,42.0,Similarity
803,Adhesion class orphans,orphan,23.0,Identify
804,Adhesion class orphans,orphan,42.0,Similarity
805,Adhesion class orphans,orphan,19.0,Identify
806,Adhesion class orphans,orphan,40.0,Similarity
807,Adhesion class orphans,orphan,21.0,Identify
808,Adhesion class orphans,orphan,39.0,Similarity
809,Adhesion class orphans,orphan,21.0,Identify
810,Adhesion class orphans,orphan,34.0,Similarity
811,Adhesion class orphans,orphan,17.0,Identify
812,Adhesion class orphans,orphan,30.0,Similarity
813,Adhesion class orphans,orphan,14.0,Identify
814,Adhesion class orphans,orphan,22.0,Similarity
815,Adhesion class orphans,orphan,9.0,Identify
816,Adhesion class orphans,orphan,21.0,Similarity
817,Adhesion class orphans,orphan,10.0,Identify
818,Adhesion class orphans,orphan,20.0,Similarity
819,Adhesion class orphans,orphan,11.0,Identify
820,Adhesion class orphans,orphan,20.0,Similarity
821,Adhesion class orphans,orphan,8.0,Identify
822,Adhesion class orphans,orphan,19.0,Similarity
823,Adhesion class orphans,orphan,10.0,Identify
824,Adhesion class orphans,orphan,19.0,Similarity
825,Adhesion class orphans,orphan,8.0,Identify
826,Adhesion class orphans,orphan,19.0,Similarity
827,Adhesion class orphans,orphan,7.0,Identify
828,Adhesion class orphans,orphan,19.0,Similarity
829,Adhesion class orphans,orphan,5.0,Identify
830,Adhesion class orphans,orphan,18.0,Similarity
831,Adhesion class orphans,orphan,9.0,Identify
832,Adhesion class orphans,orphan,18.0,Similarity
833,Adhesion class orphans,orphan,7.0,Identify
834,Adhesion class orphans,orphan,18.0,Similarity
835,Adhesion class orphans,orphan,5.0,Identify
836,Adhesion class orphans,orphan,17.0,Similarity
837,Adhesion class orphans,orphan,7.0,Identify
838,Adhesion class orphans,orphan,17.0,Similarity
839,Adhesion class orphans,orphan,6.0,Identify
840,Adhesion class orphans,orphan,17.0,Similarity
841,Adhesion class orphans,orphan,3.0,Identify
842,Adhesion class orphans,orphan,16.0,Similarity
843,Adhesion class orphans,orphan,8.0,Identify
844,Adhesion class orphans,orphan,16.0,Similarity
845,Adhesion class orphans,orphan,6.0,Identify
846,Adhesion class orphans,orphan,50.0,Similarity
847,Adhesion class orphans,orphan,33.0,Identify
848,Adhesion class orphans,orphan,48.0,Similarity
849,Adhesion class orphans,orphan,33.0,Identify
850,Adhesion class orphans,orphan,48.0,Similarity
851,Adhesion class orphans,orphan,32.0,Identify
852,Adhesion class orphans,orphan,45.0,Similarity
853,Adhesion class orphans,orphan,26.0,Identify
854,Adhesion class orphans,orphan,42.0,Similarity
855,Adhesion class orphans,orphan,24.0,Identify
856,Adhesion class orphans,orphan,42.0,Similarity
857,Adhesion class orphans,orphan,23.0,Identify
858,Adhesion class orphans,orphan,41.0,Similarity
859,Adhesion class orphans,orphan,21.0,Identify
860,Adhesion class orphans,orphan,40.0,Similarity
861,Adhesion class orphans,orphan,27.0,Identify
862,Adhesion class orphans,orphan,39.0,Similarity
863,Adhesion class orphans,orphan,23.0,Identify
864,Adhesion class orphans,orphan,39.0,Similarity
865,Adhesion class orphans,orphan,20.0,Identify
866,Adhesion class orphans,orphan,38.0,Similarity
867,Adhesion class orphans,orphan,22.0,Identify
868,Adhesion class orphans,orphan,34.0,Similarity
869,Adhesion class orphans,orphan,19.0,Identify
870,Adhesion class orphans,orphan,33.0,Similarity
871,Adhesion class orphans,orphan,21.0,Identify
872,Adhesion class orphans,orphan,25.0,Similarity
873,Adhesion class orphans,orphan,12.0,Identify
874,Adhesion class orphans,orphan,48.0,Similarity
875,Adhesion class orphans,orphan,28.0,Identify
876,Adhesion class orphans,orphan,48.0,Similarity
877,Adhesion class orphans,orphan,26.0,Identify
878,Adhesion class orphans,orphan,45.0,Similarity
879,Adhesion class orphans,orphan,26.0,Identify
880,Adhesion class orphans,orphan,44.0,Similarity
881,Adhesion class orphans,orphan,24.0,Identify
882,Adhesion class orphans,orphan,41.0,Similarity
883,Adhesion class orphans,orphan,27.0,Identify
884,Adhesion class orphans,orphan,38.0,Similarity
885,Adhesion class orphans,orphan,21.0,Identify
886,Adhesion class orphans,orphan,38.0,Similarity
887,Adhesion class orphans,orphan,19.0,Identify
888,Adhesion class orphans,orphan,38.0,Similarity
889,Adhesion class orphans,orphan,18.0,Identify
890,Adhesion class orphans,orphan,37.0,Similarity
891,Adhesion class orphans,orphan,20.0,Identify
892,Adhesion class orphans,orphan,37.0,Similarity
893,Adhesion class orphans,orphan,20.0,Identify
894,Adhesion class orphans,orphan,35.0,Similarity
895,Adhesion class orphans,orphan,20.0,Identify
896,Adhesion class orphans,orphan,35.0,Similarity
897,Adhesion class orphans,orphan,20.0,Identify
898,Adhesion class orphans,orphan,29.0,Similarity
899,Adhesion class orphans,orphan,13.0,Identify
900,Adhesion class orphans,orphan,41.0,Similarity
901,Adhesion class orphans,orphan,20.0,Identify
902,Adhesion class orphans,orphan,39.0,Similarity
903,Adhesion class orphans,orphan,19.0,Identify
904,Adhesion class orphans,orphan,38.0,Similarity
905,Adhesion class orphans,orphan,23.0,Identify
906,Adhesion class orphans,orphan,38.0,Similarity
907,Adhesion class orphans,orphan,23.0,Identify
908,Adhesion class orphans,orphan,38.0,Similarity
909,Adhesion class orphans,orphan,19.0,Identify
910,Adhesion class orphans,orphan,36.0,Similarity
911,Adhesion class orphans,orphan,18.0,Identify
912,Adhesion class orphans,orphan,35.0,Similarity
913,Adhesion class orphans,orphan,20.0,Identify
914,Adhesion class orphans,orphan,33.0,Similarity
915,Adhesion class orphans,orphan,19.0,Identify
916,Adhesion class orphans,orphan,33.0,Similarity
917,Adhesion class orphans,orphan,16.0,Identify
918,Adhesion class orphans,orphan,31.0,Similarity
919,Adhesion class orphans,orphan,18.0,Identify
920,Adhesion class orphans,orphan,30.0,Similarity
921,Adhesion class orphans,orphan,15.0,Identify
922,Adhesion class orphans,orphan,29.0,Similarity
923,Adhesion class orphans,orphan,14.0,Identify
924,Adhesion class orphans,orphan,55.0,Similarity
925,Adhesion class orphans,orphan,37.0,Identify
926,Adhesion class orphans,orphan,51.0,Similarity
927,Adhesion class orphans,orphan,39.0,Identify
928,Adhesion class orphans,orphan,46.0,Similarity
929,Adhesion class orphans,orphan,25.0,Identify
930,Adhesion class orphans,orphan,41.0,Similarity
931,Adhesion class orphans,orphan,21.0,Identify
932,Adhesion class orphans,orphan,39.0,Similarity
933,Adhesion class orphans,orphan,19.0,Identify
934,Adhesion class orphans,orphan,39.0,Similarity
935,Adhesion class orphans,orphan,18.0,Identify
936,Adhesion class orphans,orphan,38.0,Similarity
937,Adhesion class orphans,orphan,19.0,Identify
938,Adhesion class orphans,orphan,38.0,Similarity
939,Adhesion class orphans,orphan,17.0,Identify
940,Adhesion class orphans,orphan,36.0,Similarity
941,Adhesion class orphans,orphan,18.0,Identify
942,Adhesion class orphans,orphan,36.0,Similarity
943,Adhesion class orphans,orphan,16.0,Identify
944,Adhesion class orphans,orphan,35.0,Similarity
945,Adhesion class orphans,orphan,18.0,Identify
946,Adhesion class orphans,orphan,39.0,Similarity
947,Adhesion class orphans,orphan,24.0,Identify
948,Adhesion class orphans,orphan,37.0,Similarity
949,Adhesion class orphans,orphan,23.0,Identify
950,Adhesion class orphans,orphan,37.0,Similarity
951,Adhesion class orphans,orphan,20.0,Identify
952,Adhesion class orphans,orphan,36.0,Similarity
953,Adhesion class orphans,orphan,23.0,Identify
954,Adhesion class orphans,orphan,36.0,Similarity
955,Adhesion class orphans,orphan,21.0,Identify
956,Adhesion class orphans,orphan,34.0,Similarity
957,Adhesion class orphans,orphan,20.0,Identify
958,Adhesion class orphans,orphan,34.0,Similarity
959,Adhesion class orphans,orphan,19.0,Identify
960,Adhesion class orphans,orphan,31.0,Similarity
961,Adhesion class orphans,orphan,14.0,Identify
962,Adhesion class orphans,orphan,28.0,Similarity
963,Adhesion class orphans,orphan,15.0,Identify
964,Adhesion class orphans,orphan,27.0,Similarity
965,Adhesion class orphans,orphan,13.0,Identify
966,Adhesion class orphans,orphan,39.0,Similarity
967,Adhesion class orphans,orphan,23.0,Identify
968,Adhesion class orphans,orphan,38.0,Similarity
969,Adhesion class orphans,orphan,20.0,Identify
970,Adhesion class orphans,orphan,38.0,Similarity
971,Adhesion class orphans,orphan,19.0,Identify
972,Adhesion class orphans,orphan,35.0,Similarity
973,Adhesion class orphans,orphan,16.0,Identify
974,Adhesion class orphans,orphan,32.0,Similarity
975,Adhesion class orphans,orphan,17.0,Identify
976,Adhesion class orphans,orphan,32.0,Similarity
977,Adhesion class orphans,orphan,16.0,Identify
978,Adhesion class orphans,orphan,31.0,Similarity
979,Adhesion class orphans,orphan,16.0,Identify
980,Adhesion class orphans,orphan,31.0,Similarity
981,Adhesion class orphans,orphan,15.0,Identify
982,Adhesion class orphans,orphan,23.0,Similarity
983,Adhesion class orphans,orphan,10.0,Identify
984,Adhesion class orphans,orphan,45.0,Similarity
985,Adhesion class orphans,orphan,28.0,Identify
986,Adhesion class orphans,orphan,44.0,Similarity
987,Adhesion class orphans,orphan,26.0,Identify
988,Adhesion class orphans,orphan,43.0,Similarity
989,Adhesion class orphans,orphan,27.0,Identify
990,Adhesion class orphans,orphan,42.0,Similarity
991,Adhesion class orphans,orphan,21.0,Identify
992,Adhesion class orphans,orphan,37.0,Similarity
993,Adhesion class orphans,orphan,23.0,Identify
994,Adhesion class orphans,orphan,35.0,Similarity
995,Adhesion class orphans,orphan,17.0,Identify
996,Adhesion class orphans,orphan,34.0,Similarity
997,Adhesion class orphans,orphan,16.0,Identify
998,Adhesion class orphans,orphan,30.0,Similarity
999,Adhesion class orphans,orphan,11.0,Identify
1000,Adhesion class orphans,orphan,42.0,Similarity
1001,Adhesion class orphans,orphan,27.0,Identify
1002,Adhesion class orphans,orphan,42.0,Similarity
1003,Adhesion class orphans,orphan,23.0,Identify
1004,Adhesion class orphans,orphan,40.0,Similarity
1005,Adhesion class orphans,orphan,19.0,Identify
1006,Adhesion class orphans,orphan,37.0,Similarity
1007,Adhesion class orphans,orphan,18.0,Identify
1008,Adhesion class orphans,orphan,36.0,Similarity
1009,Adhesion class orphans,orphan,18.0,Identify
1010,Adhesion class orphans,orphan,28.0,Similarity
1011,Adhesion class orphans,orphan,13.0,Identify
1012,Adhesion class orphans,orphan,26.0,Similarity
1013,Adhesion class orphans,orphan,14.0,Identify
1014,Adhesion class orphans,orphan,94.0,Similarity
1015,Adhesion class orphans,orphan,89.0,Identify
1016,Adhesion class orphans,orphan,73.0,Similarity
1017,Adhesion class orphans,orphan,57.0,Identify
1018,Adhesion class orphans,orphan,54.0,Similarity
1019,Adhesion class orphans,orphan,40.0,Identify
1020,Adhesion class orphans,orphan,51.0,Similarity
1021,Adhesion class orphans,orphan,37.0,Identify
1022,Adhesion class orphans,orphan,39.0,Similarity
1023,Adhesion class orphans,orphan,17.0,Identify
1024,Adhesion class orphans,orphan,29.0,Similarity
1025,Adhesion class orphans,orphan,16.0,Identify
1026,Adhesion class orphans,orphan,74.0,Similarity
1027,Adhesion class orphans,orphan,60.0,Identify
1028,Adhesion class orphans,orphan,54.0,Similarity
1029,Adhesion class orphans,orphan,41.0,Identify
1030,Adhesion class orphans,orphan,52.0,Similarity
1031,Adhesion class orphans,orphan,40.0,Identify
1032,Adhesion class orphans,orphan,39.0,Similarity
1033,Adhesion class orphans,orphan,19.0,Identify
1034,Adhesion class orphans,orphan,29.0,Similarity
1035,Adhesion class orphans,orphan,15.0,Identify
1036,Adhesion class orphans,orphan,49.0,Similarity
1037,Adhesion class orphans,orphan,36.0,Identify
1038,Adhesion class orphans,orphan,45.0,Similarity
1039,Adhesion class orphans,orphan,31.0,Identify
1040,Adhesion class orphans,orphan,28.0,Similarity
1041,Adhesion class orphans,orphan,14.0,Identify
1042,Adhesion class orphans,orphan,25.0,Similarity
1043,Adhesion class orphans,orphan,11.0,Identify
1044,Adhesion class orphans,orphan,35.0,Similarity
1045,Adhesion class orphans,orphan,21.0,Identify
1046,Adhesion class orphans,orphan,33.0,Similarity
1047,Adhesion class orphans,orphan,16.0,Identify
1048,Adhesion class orphans,orphan,32.0,Similarity
1049,Adhesion class orphans,orphan,16.0,Identify
1050,Adhesion class orphans,orphan,46.0,Similarity
1051,Adhesion class orphans,orphan,22.0,Identify
1052,Adhesion class orphans,orphan,40.0,Similarity
1053,Adhesion class orphans,orphan,20.0,Identify
1054,Adhesion class orphans,orphan,58.0,Similarity
1055,Adhesion class orphans,orphan,39.0,Identify
