,EntryName,Uniprot,Gene,GeneAlternative,Class,Ligandtype,Family
0,5ht1a_human,P08908,HTR1A,ADRB2RL1;ADRBRL1,Class A (Rhodopsin),Aminergic receptors,5-Hydroxytryptamine receptors
1,5ht1b_human,P28222,HTR1B,HTR1DB,Class A (Rhodopsin),Aminergic receptors,5-Hydroxytryptamine receptors
2,5ht1d_human,P28221,HTR1D,HTR1DA;HTRL,Class A (Rhodopsin),Aminergic receptors,5-Hydroxytryptamine receptors
3,5ht1e_human,P28566,HTR1E,,Class A (Rhodopsin),Aminergic receptors,5-Hydroxytryptamine receptors
4,5ht1f_human,P30939,HTR1F,HTR1EL,Class A (Rhodopsin),Aminergic receptors,5-Hydroxytryptamine receptors
5,5ht2a_human,P28223,HTR2A,HTR2,Class A (Rhodopsin),Aminergic receptors,5-Hydroxytryptamine receptors
6,5ht2b_human,P41595,HTR2B,,Class A (Rhodopsin),Aminergic receptors,5-Hydroxytryptamine receptors
7,5ht2c_human,P28335,HTR2C,HTR1C,Class A (Rhodopsin),Aminergic receptors,5-Hydroxytryptamine receptors
8,5ht4r_human,Q13639,HTR4,,Class A (Rhodopsin),Aminergic receptors,5-Hydroxytryptamine receptors
9,5ht5a_human,P47898,HTR5A,,Class A (Rhodopsin),Aminergic receptors,5-Hydroxytryptamine receptors
10,5ht6r_human,P50406,HTR6,,Class A (Rhodopsin),Aminergic receptors,5-Hydroxytryptamine receptors
11,5ht7r_human,P34969,HTR7,,Class A (Rhodopsin),Aminergic receptors,5-Hydroxytryptamine receptors
12,acm1_human,P11229,CHRM1,,Class A (Rhodopsin),Aminergic receptors,Acetylcholine receptors (muscarinic)
13,acm2_human,P08172,CHRM2,,Class A (Rhodopsin),Aminergic receptors,Acetylcholine receptors (muscarinic)
14,drd2_human,P14416,DRD2,,Class A (Rhodopsin),Aminergic receptors,Dopamine receptors
15,acm3_human,P20309,CHRM3,,Class A (Rhodopsin),Aminergic receptors,Acetylcholine receptors (muscarinic)
16,acm4_human,P08173,CHRM4,,Class A (Rhodopsin),Aminergic receptors,Acetylcholine receptors (muscarinic)
17,acm5_human,P08912,CHRM5,,Class A (Rhodopsin),Aminergic receptors,Acetylcholine receptors (muscarinic)
18,ada1a_human,P35348,ADRA1A,ADRA1C,Class A (Rhodopsin),Aminergic receptors,Adrenoceptors
19,ada1b_human,P35368,ADRA1B,,Class A (Rhodopsin),Aminergic receptors,Adrenoceptors
20,ada1d_human,P25100,ADRA1D,ADRA1A,Class A (Rhodopsin),Aminergic receptors,Adrenoceptors
21,ada2a_human,P08913,ADRA2A,ADRA2R;ADRAR,Class A (Rhodopsin),Aminergic receptors,Adrenoceptors
22,ada2b_human,P18089,ADRA2B,ADRA2L1;ADRA2RL1,Class A (Rhodopsin),Aminergic receptors,Adrenoceptors
23,ada2c_human,P18825,ADRA2C,ADRA2L2;ADRA2RL2,Class A (Rhodopsin),Aminergic receptors,Adrenoceptors
24,adrb1_human,P08588,ADRB1,ADRB1R;B1AR,Class A (Rhodopsin),Aminergic receptors,Adrenoceptors
25,adrb2_human,P07550,ADRB2,ADRB2R;B2AR,Class A (Rhodopsin),Aminergic receptors,Adrenoceptors
26,adrb3_human,P13945,ADRB3,ADRB3R;B3AR,Class A (Rhodopsin),Aminergic receptors,Adrenoceptors
27,drd1_human,P21728,DRD1,,Class A (Rhodopsin),Aminergic receptors,Dopamine receptors
28,drd3_human,P35462,DRD3,,Class A (Rhodopsin),Aminergic receptors,Dopamine receptors
29,drd4_human,P21917,DRD4,,Class A (Rhodopsin),Aminergic receptors,Dopamine receptors
30,drd5_human,P21918,DRD5,DRD1B;DRD1L2,Class A (Rhodopsin),Aminergic receptors,Dopamine receptors
31,hrh1_human,P35367,HRH1,,Class A (Rhodopsin),Aminergic receptors,Histamine receptors
32,hrh2_human,P25021,HRH2,,Class A (Rhodopsin),Aminergic receptors,Histamine receptors
33,hrh3_human,Q9Y5N1,HRH3,GPCR97,Class A (Rhodopsin),Aminergic receptors,Histamine receptors
34,hrh4_human,Q9H3N8,HRH4,GPCR105,Class A (Rhodopsin),Aminergic receptors,Histamine receptors
35,taar1_human,Q96RJ0,TAAR1,TA1;TAR1;TRAR1,Class A (Rhodopsin),Aminergic receptors,Trace amine receptors
36,agtr1_human,P30556,AGTR1,AGTR1A;AGTR1B;AT2R1;AT2R1B,Class A (Rhodopsin),Peptide receptors,Angiotensin receptors
37,agtr2_human,P50052,AGTR2,,Class A (Rhodopsin),Peptide receptors,Angiotensin receptors
38,apj_human,P35414,APLNR,AGTRL1;APJ,Class A (Rhodopsin),Peptide receptors,Apelin receptors
39,nmbr_human,P28336,NMBR,,Class A (Rhodopsin),Peptide receptors,Bombesin receptors
40,grpr_human,P30550,GRPR,,Class A (Rhodopsin),Peptide receptors,Bombesin receptors
41,brs3_human,P32247,BRS3,,Class A (Rhodopsin),Peptide receptors,Bombesin receptors
42,bkrb1_human,P46663,BDKRB1,BRADYB1,Class A (Rhodopsin),Peptide receptors,Bradykinin receptors
43,bkrb2_human,P30411,BDKRB2,BKR2,Class A (Rhodopsin),Peptide receptors,Bradykinin receptors
44,cckar_human,P32238,CCKAR,CCKRA,Class A (Rhodopsin),Peptide receptors,Cholecystokinin receptors
45,gasr_human,P32239,CCKBR,CCKRB,Class A (Rhodopsin),Peptide receptors,Cholecystokinin receptors
46,c3ar_human,Q16581,C3AR1,AZ3B;C3R1;HNFAG09,Class A (Rhodopsin),Peptide receptors,Complement peptide receptors
47,c5ar1_human,P21730,C5AR1,C5AR;C5R1,Class A (Rhodopsin),Peptide receptors,Complement peptide receptors
48,c5ar2_human,Q9P296,C5AR2,C5L2;GPR77,Class A (Rhodopsin),Peptide receptors,Complement peptide receptors
49,ednra_human,P25101,EDNRA,ETA;ETRA,Class A (Rhodopsin),Peptide receptors,Endothelin receptors
50,ednrb_human,P24530,EDNRB,ETRB,Class A (Rhodopsin),Peptide receptors,Endothelin receptors
51,fpr1_human,P21462,FPR1,,Class A (Rhodopsin),Peptide receptors,Formylpeptide receptors
52,fpr2_human,P25090,FPR2,FPRH1;FPRL1;LXA4R,Class A (Rhodopsin),Peptide receptors,Formylpeptide receptors
53,fpr3_human,P25089,FPR3,FPRH1;FPRL2,Class A (Rhodopsin),Peptide receptors,Formylpeptide receptors
54,galr1_human,P47211,GALR1,GALNR;GALNR1,Class A (Rhodopsin),Peptide receptors,Galanin receptors
55,galr2_human,O43603,GALR2,GALNR2,Class A (Rhodopsin),Peptide receptors,Galanin receptors
56,galr3_human,O60755,GALR3,GALNR3,Class A (Rhodopsin),Peptide receptors,Galanin receptors
57,ghsr_human,Q92847,GHSR,,Class A (Rhodopsin),Peptide receptors,Ghrelin receptors
58,gnrhr_human,P30968,GNRHR,GRHR,Class A (Rhodopsin),Peptide receptors,Gonadotrophin-releasing hormone receptors
59,kissr_human,Q969F8,KISS1R,AXOR12;GPR54,Class A (Rhodopsin),Peptide receptors,Kisspeptin receptors
60,mchr1_human,Q99705,MCHR1,GPR24;SLC1,Class A (Rhodopsin),Peptide receptors,Melanin-concentrating hormone
61,mchr2_human,Q969V1,MCHR2,GPR145;SLT,Class A (Rhodopsin),Peptide receptors,Melanin-concentrating hormone
62,mshr_human,Q01726,MC1R,MSHR,Class A (Rhodopsin),Peptide receptors,Melanocortin receptors
63,acthr_human,Q01718,MC2R,ACTHR,Class A (Rhodopsin),Peptide receptors,Melanocortin receptors
64,mc3r_human,P41968,MC3R,,Class A (Rhodopsin),Peptide receptors,Melanocortin receptors
65,mc4r_human,P32245,MC4R,,Class A (Rhodopsin),Peptide receptors,Melanocortin receptors
66,mc5r_human,P33032,MC5R,,Class A (Rhodopsin),Peptide receptors,Melanocortin receptors
67,mtlr_human,O43193,MLNR,GPR38;MTLR;MTLR1,Class A (Rhodopsin),Peptide receptors,Motilin receptors
68,nmur1_human,Q9HB89,NMUR1,GPR66,Class A (Rhodopsin),Peptide receptors,Neuromedin U receptors
69,nmur2_human,Q9GZQ4,NMUR2,NMU2R;TGR1,Class A (Rhodopsin),Peptide receptors,Neuromedin U receptors
70,npff1_human,Q9GZQ6,NPFFR1,GPR147;NPFF1,Class A (Rhodopsin),Peptide receptors,Neuropeptide FF/neuropeptide AF receptors
71,npff2_human,Q9Y5X5,NPFFR2,GPR74;NPFF2;NPGPR,Class A (Rhodopsin),Peptide receptors,Neuropeptide FF/neuropeptide AF receptors
72,npsr1_human,Q6W5P4,NPSR1,GPR154;GPRA;PGR14,Class A (Rhodopsin),Peptide receptors,Neuropeptide S receptors
73,npbw1_human,P48145,NPBWR1,GPR7,Class A (Rhodopsin),Peptide receptors,Neuropeptide W/neuropeptide B receptors
74,npbw2_human,P48146,NPBWR2,GPR8,Class A (Rhodopsin),Peptide receptors,Neuropeptide W/neuropeptide B receptors
75,npy1r_human,P25929,NPY1R,NPYR;NPYY1,Class A (Rhodopsin),Peptide receptors,Neuropeptide Y receptors
76,cxcr1_human,P25024,CXCR1,CMKAR1;IL8RA,Class A (Rhodopsin),Protein receptors,Chemokine receptors
77,npy2r_human,P49146,NPY2R,,Class A (Rhodopsin),Peptide receptors,Neuropeptide Y receptors
78,npy4r_human,P50391,NPY4R,PPYR1,Class A (Rhodopsin),Peptide receptors,Neuropeptide Y receptors
79,npy5r_human,Q15761,NPY5R,NPYR5,Class A (Rhodopsin),Peptide receptors,Neuropeptide Y receptors
80,npy6r_human,Q99463,NPY6R,NPY1RL;Y2B,Class A (Rhodopsin),Peptide receptors,Neuropeptide Y receptors
81,ntr1_human,P30989,NTSR1,NTRR,Class A (Rhodopsin),Peptide receptors,Neurotensin receptors
82,ntr2_human,O95665,NTSR2,,Class A (Rhodopsin),Peptide receptors,Neurotensin receptors
83,oprd_human,P41143,OPRD1,OPRD,Class A (Rhodopsin),Peptide receptors,Opioid receptors
84,oprk_human,P41145,OPRK1,OPRK,Class A (Rhodopsin),Peptide receptors,Opioid receptors
85,oprm_human,P35372,OPRM1,MOR1,Class A (Rhodopsin),Peptide receptors,Opioid receptors
86,oprx_human,P41146,OPRL1,OOR;ORL1,Class A (Rhodopsin),Peptide receptors,Opioid receptors
87,ox1r_human,O43613,HCRTR1,,Class A (Rhodopsin),Peptide receptors,Orexin receptors
88,ox2r_human,O43614,HCRTR2,,Class A (Rhodopsin),Peptide receptors,Orexin receptors
89,qrfpr_human,Q96P65,QRFPR,GPR103,Class A (Rhodopsin),Peptide receptors,Peptide P518 receptors
90,prlhr_human,P49683,PRLHR,GPR10;GR3,Class A (Rhodopsin),Peptide receptors,Prolactin-releasing peptide receptors
91,par1_human,P25116,F2R,CF2R;PAR1;TR,Class A (Rhodopsin),Peptide receptors,Proteinase-activated receptors
92,par2_human,P55085,F2RL1,GPR11;PAR2,Class A (Rhodopsin),Peptide receptors,Proteinase-activated receptors
93,par3_human,O00254,F2RL2,PAR3,Class A (Rhodopsin),Peptide receptors,Proteinase-activated receptors
94,par4_human,Q96RI0,F2RL3,PAR4,Class A (Rhodopsin),Peptide receptors,Proteinase-activated receptors
95,rxfp1_human,Q9HBX9,RXFP1,LGR7,Class A (Rhodopsin),Peptide receptors,Relaxin family peptide receptors
96,rxfp2_human,Q8WXD0,RXFP2,GPR106;GREAT;LGR8,Class A (Rhodopsin),Peptide receptors,Relaxin family peptide receptors
97,rl3r1_human,Q9NSD7,RXFP3,RLN3R1;SALPR,Class A (Rhodopsin),Peptide receptors,Relaxin family peptide receptors
98,rl3r2_human,Q8TDU9,RXFP4,GPR100;RLN3R2,Class A (Rhodopsin),Peptide receptors,Relaxin family peptide receptors
99,ssr1_human,P30872,SSTR1,,Class A (Rhodopsin),Peptide receptors,Somatostatin receptors
100,ssr2_human,P30874,SSTR2,,Class A (Rhodopsin),Peptide receptors,Somatostatin receptors
101,ssr3_human,P32745,SSTR3,,Class A (Rhodopsin),Peptide receptors,Somatostatin receptors
102,ssr4_human,P31391,SSTR4,,Class A (Rhodopsin),Peptide receptors,Somatostatin receptors
103,ssr5_human,P35346,SSTR5,,Class A (Rhodopsin),Peptide receptors,Somatostatin receptors
104,nk1r_human,P25103,TACR1,NK1R;TAC1R,Class A (Rhodopsin),Peptide receptors,Tachykinin receptors
105,nk2r_human,P21452,TACR2,NK2R;NKNAR;TAC2R,Class A (Rhodopsin),Peptide receptors,Tachykinin receptors
106,nk3r_human,P29371,TACR3,NK3R;TAC3R,Class A (Rhodopsin),Peptide receptors,Tachykinin receptors
107,cxcr2_human,P25025,CXCR2,IL8RB,Class A (Rhodopsin),Protein receptors,Chemokine receptors
108,trfr_human,P34981,TRHR,,Class A (Rhodopsin),Peptide receptors,Thyrotropin-releasing hormone receptors
109,ur2r_human,Q9UKP6,UTS2R,GPR14,Class A (Rhodopsin),Peptide receptors,Urotensin receptors
110,v1ar_human,P37288,AVPR1A,AVPR1,Class A (Rhodopsin),Peptide receptors,Vasopressin and oxytocin receptors
111,v1br_human,P47901,AVPR1B,AVPR3;VPR3,Class A (Rhodopsin),Peptide receptors,Vasopressin and oxytocin receptors
112,v2r_human,P30518,AVPR2,ADHR;DIR;DIR3;V2R,Class A (Rhodopsin),Peptide receptors,Vasopressin and oxytocin receptors
113,oxyr_human,P30559,OXTR,,Class A (Rhodopsin),Peptide receptors,Vasopressin and oxytocin receptors
114,cml1_human,Q99788,CMKLR1,CHEMR23;DEZ,Class A (Rhodopsin),Protein receptors,Chemerin receptor
115,ccr1_human,P32246,CCR1,CMKBR1;CMKR1;SCYAR1,Class A (Rhodopsin),Protein receptors,Chemokine receptors
116,ccr2_human,P41597,CCR2,CMKBR2,Class A (Rhodopsin),Protein receptors,Chemokine receptors
117,ccr3_human,P51677,CCR3,CMKBR3,Class A (Rhodopsin),Protein receptors,Chemokine receptors
118,ccr4_human,P51679,CCR4,CMKBR4,Class A (Rhodopsin),Protein receptors,Chemokine receptors
119,ccr5_human,P51681,CCR5,CMKBR5,Class A (Rhodopsin),Protein receptors,Chemokine receptors
120,ccr6_human,P51684,CCR6,CKRL3;CMKBR6;GPR29;STRL22,Class A (Rhodopsin),Protein receptors,Chemokine receptors
121,ccr7_human,P32248,CCR7,CMKBR7;EBI1;EVI1,Class A (Rhodopsin),Protein receptors,Chemokine receptors
122,ccr8_human,P51685,CCR8,CKRL1;CMKBR8;CMKBRL2,Class A (Rhodopsin),Protein receptors,Chemokine receptors
123,ccr9_human,P51686,CCR9,GPR28,Class A (Rhodopsin),Protein receptors,Chemokine receptors
124,ccr10_human,P46092,CCR10,GPR2,Class A (Rhodopsin),Protein receptors,Chemokine receptors
125,cxcr3_human,P49682,CXCR3,GPR9,Class A (Rhodopsin),Protein receptors,Chemokine receptors
126,cxcr4_human,P61073,CXCR4,,Class A (Rhodopsin),Protein receptors,Chemokine receptors
127,cxcr5_human,P32302,CXCR5,BLR1;MDR15,Class A (Rhodopsin),Protein receptors,Chemokine receptors
128,cxcr6_human,O00574,CXCR6,BONZO;STRL33;TYMSTR,Class A (Rhodopsin),Protein receptors,Chemokine receptors
129,cx3c1_human,P49238,CX3CR1,CMKBRL1;GPR13,Class A (Rhodopsin),Protein receptors,Chemokine receptors
130,xcr1_human,P46094,XCR1,CCXCR1;GPR5,Class A (Rhodopsin),Protein receptors,Chemokine receptors
131,ackr1_human,Q16570,ACKR1,DARC;FY;GPD,Class A (Rhodopsin),Protein receptors,Chemokine receptors
132,ackr2_human,O00590,ACKR2,CCBP2;CCR10;CMKBR9;D6,Class A (Rhodopsin),Protein receptors,Chemokine receptors
133,ackr3_human,P25106,ACKR3,CMKOR1;CXCR7;GPR159;RDC1,Class A (Rhodopsin),Protein receptors,Chemokine receptors
134,ackr4_human,Q9NPB9,ACKR4,CCBP2;CCR11;CCRL1;VSHK1,Class A (Rhodopsin),Protein receptors,Chemokine receptors
135,ccrl2_human,O00421,CCRL2,CCR11;CCR6;CKRX;CRAM;HCR,Class A (Rhodopsin),Protein receptors,Chemokine receptors
136,fshr_human,P23945,FSHR,LGR1,Class A (Rhodopsin),Protein receptors,Glycoprotein hormone receptors
137,lshr_human,P22888,LHCGR,LCGR;LGR2;LHRHR,Class A (Rhodopsin),Protein receptors,Glycoprotein hormone receptors
138,tshr_human,P16473,TSHR,LGR3,Class A (Rhodopsin),Protein receptors,Glycoprotein hormone receptors
139,pkr1_human,Q8TCW9,PROKR1,GPR73;PKR1,Class A (Rhodopsin),Protein receptors,Prokineticin receptors
140,pkr2_human,Q8NFJ6,PROKR2,GPR73L1;PKR2,Class A (Rhodopsin),Protein receptors,Prokineticin receptors
141,ffar1_human,O14842,FFAR1,GPR40,Class A (Rhodopsin),Lipid receptors,Free fatty acid receptors
142,ffar2_human,O15552,FFAR2,FFA2;GPCR43;GPR43,Class A (Rhodopsin),Lipid receptors,Free fatty acid receptors
143,ffar3_human,O14843,FFAR3,GPR41,Class A (Rhodopsin),Lipid receptors,Free fatty acid receptors
144,ffar4_human,Q5NUL3,FFAR4,GPR120;GPR129;O3FAR1;PGR4,Class A (Rhodopsin),Lipid receptors,Free fatty acid receptors
145,gpr42_human,O15529,GPR42,GPR42P,Class A (Rhodopsin),Lipid receptors,Free fatty acid receptors
146,lt4r1_human,Q15722,LTB4R,BLT;BLT1;BLTR;CMKRL1;GPR16;P2RY7,Class A (Rhodopsin),Lipid receptors,Leukotriene receptors
147,lt4r2_human,Q9NPC1,LTB4R2,BLT2R;BLTR2,Class A (Rhodopsin),Lipid receptors,Leukotriene receptors
148,cltr1_human,Q9Y271,CYSLTR1,CYSLT1,Class A (Rhodopsin),Lipid receptors,Leukotriene receptors
149,cltr2_human,Q9NS75,CYSLTR2,CYSLT2;CYSLT2R;PSEC0146,Class A (Rhodopsin),Lipid receptors,Leukotriene receptors
150,oxer1_human,Q8TDS5,OXER1,GPR170;TG1019,Class A (Rhodopsin),Lipid receptors,Leukotriene receptors
151,lpar1_human,Q92633,LPAR1,EDG2;LPA1,Class A (Rhodopsin),Lipid receptors,Lysophospholipid (LPA) receptors
152,lpar2_human,Q9HBW0,LPAR2,EDG4;LPA2,Class A (Rhodopsin),Lipid receptors,Lysophospholipid (LPA) receptors
153,lpar3_human,Q9UBY5,LPAR3,EDG7;LPA3,Class A (Rhodopsin),Lipid receptors,Lysophospholipid (LPA) receptors
154,lpar4_human,Q99677,LPAR4,GPR23;LPA4;P2RY9,Class A (Rhodopsin),Lipid receptors,Lysophospholipid (LPA) receptors
155,lpar5_human,Q9H1C0,LPAR5,GPR92;GPR93,Class A (Rhodopsin),Lipid receptors,Lysophospholipid (LPA) receptors
156,lpar6_human,P43657,LPAR6,P2RY5,Class A (Rhodopsin),Lipid receptors,Lysophospholipid (LPA) receptors
157,s1pr1_human,P21453,S1PR1,CHEDG1;EDG1,Class A (Rhodopsin),Lipid receptors,Lysophospholipid (S1P) receptors
158,s1pr2_human,O95136,S1PR2,EDG5,Class A (Rhodopsin),Lipid receptors,Lysophospholipid (S1P) receptors
159,s1pr3_human,Q99500,S1PR3,EDG3,Class A (Rhodopsin),Lipid receptors,Lysophospholipid (S1P) receptors
160,s1pr4_human,O95977,S1PR4,EDG6,Class A (Rhodopsin),Lipid receptors,Lysophospholipid (S1P) receptors
161,s1pr5_human,Q9H228,S1PR5,EDG8,Class A (Rhodopsin),Lipid receptors,Lysophospholipid (S1P) receptors
162,cnr1_human,P21554,CNR1,CNR,Class A (Rhodopsin),Lipid receptors,Cannabinoid receptors
163,cnr2_human,P34972,CNR2,CB2A;CB2B,Class A (Rhodopsin),Lipid receptors,Cannabinoid receptors
164,gpr18_human,Q14330,GPR18,GPCRW,Class A (Rhodopsin),Lipid receptors,"GPR18, GPR55 and GPR119"
165,gpr55_human,Q9Y2T6,GPR55,,Class A (Rhodopsin),Lipid receptors,"GPR18, GPR55 and GPR119"
166,gp119_human,Q8TDV5,GPR119,,Class A (Rhodopsin),Lipid receptors,"GPR18, GPR55 and GPR119"
167,ptafr_human,P25105,PTAFR,PAFR,Class A (Rhodopsin),Lipid receptors,Platelet-activating factor receptors
168,pd2r_human,Q13258,PTGDR,,Class A (Rhodopsin),Lipid receptors,Prostanoid receptors
169,pd2r2_human,Q9Y5Y4,PTGDR2,CRTH2;DL1R;GPR44,Class A (Rhodopsin),Lipid receptors,Prostanoid receptors
170,pe2r1_human,P34995,PTGER1,,Class A (Rhodopsin),Lipid receptors,Prostanoid receptors
171,pe2r2_human,P43116,PTGER2,,Class A (Rhodopsin),Lipid receptors,Prostanoid receptors
172,pe2r3_human,P43115,PTGER3,,Class A (Rhodopsin),Lipid receptors,Prostanoid receptors
173,p2y14_human,Q15391,P2RY14,GPR105;KIAA0001,Class A (Rhodopsin),Nucleotide receptors,P2Y receptors
174,pe2r4_human,P35408,PTGER4,PTGER2,Class A (Rhodopsin),Lipid receptors,Prostanoid receptors
175,pf2r_human,P43088,PTGFR,,Class A (Rhodopsin),Lipid receptors,Prostanoid receptors
176,pi2r_human,P43119,PTGIR,PRIPR,Class A (Rhodopsin),Lipid receptors,Prostanoid receptors
177,ta2r_human,P21731,TBXA2R,,Class A (Rhodopsin),Lipid receptors,Prostanoid receptors
178,mtr1a_human,P48039,MTNR1A,,Class A (Rhodopsin),Melatonin receptors,Melatonin
179,mtr1b_human,P49286,MTNR1B,,Class A (Rhodopsin),Melatonin receptors,Melatonin
180,aa1r_human,P30542,ADORA1,,Class A (Rhodopsin),Nucleotide receptors,Adenosine receptors
181,aa2ar_human,P29274,ADORA2A,ADORA2,Class A (Rhodopsin),Nucleotide receptors,Adenosine receptors
182,aa2br_human,P29275,ADORA2B,,Class A (Rhodopsin),Nucleotide receptors,Adenosine receptors
183,aa3r_human,P0DMS8,ADORA3,,Class A (Rhodopsin),Nucleotide receptors,Adenosine receptors
184,p2ry1_human,P47900,P2RY1,,Class A (Rhodopsin),Nucleotide receptors,P2Y receptors
185,p2ry2_human,P41231,P2RY2,P2RU1,Class A (Rhodopsin),Nucleotide receptors,P2Y receptors
186,p2ry4_human,P51582,P2RY4,NRU,Class A (Rhodopsin),Nucleotide receptors,P2Y receptors
187,p2ry6_human,Q15077,P2RY6,PP2891,Class A (Rhodopsin),Nucleotide receptors,P2Y receptors
188,p2y11_human,Q96G91,P2RY11,,Class A (Rhodopsin),Nucleotide receptors,P2Y receptors
189,p2y12_human,Q9H244,P2RY12,HORK3,Class A (Rhodopsin),Nucleotide receptors,P2Y receptors
190,p2y13_human,Q9BPV8,P2RY13,GPR86;GPR94;FKSG77,Class A (Rhodopsin),Nucleotide receptors,P2Y receptors
191,gpbar_human,Q8TDU6,GPBAR1,TGR5,Class A (Rhodopsin),Steroid receptors,Bile acid receptors
192,gper1_human,Q99527,GPER1,CEPR;CMKRL2;DRY12;GPER;GPR30,Class A (Rhodopsin),Steroid receptors,Estrogen (G protein-coupled) receptors
193,hcar1_human,Q9BXC0,HCAR1,GPR104;GPR81;HCA1;FKSG80,Class A (Rhodopsin),Alicarboxylic acid receptors,Hydroxycarboxylic acid receptors
194,hcar2_human,Q8TDS4,HCAR2,GPR109A;HCA2;HM74A;NIACR1,Class A (Rhodopsin),Alicarboxylic acid receptors,Hydroxycarboxylic acid receptors
195,hcar3_human,P49019,HCAR3,GPR109B;HCA3;HM74B;NIACR2,Class A (Rhodopsin),Alicarboxylic acid receptors,Hydroxycarboxylic acid receptors
196,oxgr1_human,Q96P68,OXGR1,GPR80;GPR99;P2RY15;P2Y15,Class A (Rhodopsin),Alicarboxylic acid receptors,Oxoglutarate receptors
197,sucr1_human,Q9BXA5,SUCNR1,GPR91,Class A (Rhodopsin),Alicarboxylic acid receptors,Succinate receptors
198,opsd_human,P08100,RHO,OPN2,Class A (Rhodopsin),Sensory receptors,Opsins
199,opn4_human,Q9UHM6,OPN4,MOP,Class A (Rhodopsin),Sensory receptors,Opsins
200,opn3_human,Q9H1Y3,OPN3,ECPN,Class A (Rhodopsin),Sensory receptors,Opsins
201,opn5_human,Q6U736,OPN5,GPR136;PGR12;TMEM13,Class A (Rhodopsin),Sensory receptors,Opsins
202,opsb_human,P03999,OPN1SW,BCP,Class A (Rhodopsin),Sensory receptors,Opsins
203,opsg_human,P04001,OPN1MW,GCP,Class A (Rhodopsin),Sensory receptors,Opsins
204,opsr_human,P04000,OPN1LW,RCP,Class A (Rhodopsin),Sensory receptors,Opsins
205,gpr1_human,P46091,GPR1,,Class A (Rhodopsin),Orphan receptors,Class A orphans
206,gpr3_human,P46089,GPR3,ACCA,Class A (Rhodopsin),Orphan receptors,Class A orphans
207,gpr4_human,P46093,GPR4,GPR19,Class A (Rhodopsin),Orphan receptors,Class A orphans
208,gpr6_human,P46095,GPR6,,Class A (Rhodopsin),Orphan receptors,Class A orphans
209,gpr12_human,P47775,GPR12,,Class A (Rhodopsin),Orphan receptors,Class A orphans
210,gpr15_human,P49685,GPR15,,Class A (Rhodopsin),Orphan receptors,Class A orphans
211,gpr17_human,Q13304,GPR17,,Class A (Rhodopsin),Orphan receptors,Class A orphans
212,gpr19_human,Q15760,GPR19,,Class A (Rhodopsin),Orphan receptors,Class A orphans
213,gpr20_human,Q99678,GPR20,,Class A (Rhodopsin),Orphan receptors,Class A orphans
214,gpr21_human,Q99679,GPR21,,Class A (Rhodopsin),Orphan receptors,Class A orphans
215,gpr22_human,Q99680,GPR22,,Class A (Rhodopsin),Orphan receptors,Class A orphans
216,gpr25_human,O00155,GPR25,,Class A (Rhodopsin),Orphan receptors,Class A orphans
217,gpr26_human,Q8NDV2,GPR26,,Class A (Rhodopsin),Orphan receptors,Class A orphans
218,gpr27_human,Q9NS67,GPR27,SREB1,Class A (Rhodopsin),Orphan receptors,Class A orphans
219,gpr31_human,O00270,GPR31,,Class A (Rhodopsin),Orphan receptors,Class A orphans
220,gpr32_human,O75388,GPR32,,Class A (Rhodopsin),Orphan receptors,Class A orphans
221,gpr33_human,Q49SQ1,GPR33,,Class A (Rhodopsin),Orphan receptors,Class A orphans
222,gpr34_human,Q9UPC5,GPR34,,Class A (Rhodopsin),Orphan receptors,Class A orphans
223,gpr35_human,Q9HC97,GPR35,,Class A (Rhodopsin),Orphan receptors,Class A orphans
224,gpr37_human,O15354,GPR37,,Class A (Rhodopsin),Orphan receptors,Class A orphans
225,etbr2_human,O60883,GPR37L1,ETBRLP2,Class A (Rhodopsin),Orphan receptors,Class A orphans
226,gpr39_human,O43194,GPR39,,Class A (Rhodopsin),Orphan receptors,Class A orphans
227,gpr45_human,Q9Y5Y3,GPR45,,Class A (Rhodopsin),Orphan receptors,Class A orphans
228,mtr1l_human,Q13585,GPR50,,Class A (Rhodopsin),Orphan receptors,Class A orphans
229,gpr52_human,Q9Y2T5,GPR52,,Class A (Rhodopsin),Orphan receptors,Class A orphans
230,gpr61_human,Q9BZJ8,GPR61,BALGR,Class A (Rhodopsin),Orphan receptors,Class A orphans
231,gpr62_human,Q9BZJ7,GPR62,,Class A (Rhodopsin),Orphan receptors,Class A orphans
232,gpr63_human,Q9BZJ6,GPR63,PSP24B,Class A (Rhodopsin),Orphan receptors,Class A orphans
233,psyr_human,Q8IYL9,GPR65,TDAG8,Class A (Rhodopsin),Orphan receptors,Class A orphans
234,ogr1_human,Q15743,GPR68,OGR1,Class A (Rhodopsin),Orphan receptors,Class A orphans
235,gpr75_human,O95800,GPR75,,Class A (Rhodopsin),Orphan receptors,Class A orphans
236,gpr78_human,Q96P69,GPR78,UNQ5925/PRO19818,Class A (Rhodopsin),Orphan receptors,Class A orphans
237,gpr82_human,Q96P67,GPR82,,Class A (Rhodopsin),Orphan receptors,Class A orphans
238,gpr83_human,Q9NYM4,GPR83,GPR72;KIAA1540,Class A (Rhodopsin),Orphan receptors,Class A orphans
239,gpr84_human,Q9NQS5,GPR84,EX33,Class A (Rhodopsin),Orphan receptors,Class A orphans
240,gpr85_human,P60893,GPR85,SREB2,Class A (Rhodopsin),Orphan receptors,Class A orphans
241,gpr87_human,Q9BY21,GPR87,GPR95;FKSG78,Class A (Rhodopsin),Orphan receptors,Class A orphans
242,gpr88_human,Q9GZN0,GPR88,STRG,Class A (Rhodopsin),Orphan receptors,Class A orphans
243,gp101_human,Q96P66,GPR101,,Class A (Rhodopsin),Orphan receptors,Class A orphans
244,gp132_human,Q9UNW8,GPR132,G2A,Class A (Rhodopsin),Orphan receptors,Class A orphans
245,gp135_human,Q8IZ08,GPR135,,Class A (Rhodopsin),Orphan receptors,Class A orphans
246,gp139_human,Q6DWJ6,GPR139,GPRG1;PGR3,Class A (Rhodopsin),Orphan receptors,Class A orphans
247,gp141_human,Q7Z602,GPR141,PGR13,Class A (Rhodopsin),Orphan receptors,Class A orphans
248,gp142_human,Q7Z601,GPR142,PGR2,Class A (Rhodopsin),Orphan receptors,Class A orphans
249,gp146_human,Q96CH1,GPR146,PGR8,Class A (Rhodopsin),Orphan receptors,Class A orphans
250,gp148_human,Q8TDV2,GPR148,BTR;PGR6,Class A (Rhodopsin),Orphan receptors,Class A orphans
251,gp149_human,Q86SP6,GPR149,PGR10,Class A (Rhodopsin),Orphan receptors,Class A orphans
252,gp150_human,Q8NGU9,GPR150,,Class A (Rhodopsin),Orphan receptors,Class A orphans
253,gp151_human,Q8TDV0,GPR151,PGR7,Class A (Rhodopsin),Orphan receptors,Class A orphans
254,gp152_human,Q8TDT2,GPR152,PGR5,Class A (Rhodopsin),Orphan receptors,Class A orphans
255,gp153_human,Q6NV75,GPR153,PGR1,Class A (Rhodopsin),Orphan receptors,Class A orphans
256,gp160_human,Q9UJ42,GPR160,GPCR150,Class A (Rhodopsin),Orphan receptors,Class A orphans
257,gp161_human,Q8N6U8,GPR161,,Class A (Rhodopsin),Orphan receptors,Class A orphans
258,gp162_human,Q16538,GPR162,GRCA,Class A (Rhodopsin),Orphan receptors,Class A orphans
259,gp171_human,O14626,GPR171,H963,Class A (Rhodopsin),Orphan receptors,Class A orphans
260,gp173_human,Q9NS66,GPR173,SREB3,Class A (Rhodopsin),Orphan receptors,Class A orphans
261,gp174_human,Q9BXC1,GPR174,FKSG79;GPCR17,Class A (Rhodopsin),Orphan receptors,Class A orphans
262,gp176_human,Q14439,GPR176,,Class A (Rhodopsin),Orphan receptors,Class A orphans
263,gp182_human,O15218,GPR182,ADMR,Class A (Rhodopsin),Orphan receptors,Class A orphans
264,gp183_human,P32249,GPR183,EBI2,Class A (Rhodopsin),Orphan receptors,Class A orphans
265,lgr4_human,Q9BXB1,LGR4,GPR48,Class A (Rhodopsin),Orphan receptors,Class A orphans
266,lgr5_human,O75473,LGR5,GPR49;GPR67,Class A (Rhodopsin),Orphan receptors,Class A orphans
267,taar8_human,Q969N4,TAAR8,GPR102;TA5;TAR5;TRAR5,Class A (Rhodopsin),Orphan receptors,Class A orphans
268,lgr6_human,Q9HBX8,LGR6,UNQ6427/PRO21331;VTS20631,Class A (Rhodopsin),Orphan receptors,Class A orphans
269,mas_human,P04201,MAS1,MAS,Class A (Rhodopsin),Orphan receptors,Class A orphans
270,mas1l_human,P35410,MAS1L,MRG,Class A (Rhodopsin),Orphan receptors,Class A orphans
271,mrgrd_human,Q8TDS7,MRGPRD,MRGD,Class A (Rhodopsin),Orphan receptors,Class A orphans
272,mrgre_human,Q86SM8,MRGPRE,GPR167;MRGE,Class A (Rhodopsin),Orphan receptors,Class A orphans
273,mrgrf_human,Q96AM1,MRGPRF,GPR140;GPR168;MRGF;PSEC0142,Class A (Rhodopsin),Orphan receptors,Class A orphans
274,mrgrg_human,Q86SM5,MRGPRG,GPR169;MRGG,Class A (Rhodopsin),Orphan receptors,Class A orphans
275,mrgx1_human,Q96LB2,MRGPRX1,MRGX1;SNSR3;SNSR4,Class A (Rhodopsin),Orphan receptors,Class A orphans
276,mrgx2_human,Q96LB1,MRGPRX2,MRGX2,Class A (Rhodopsin),Orphan receptors,Class A orphans
277,mrgx3_human,Q96LB0,MRGPRX3,MRGX3;SNSR1;SNSR2,Class A (Rhodopsin),Orphan receptors,Class A orphans
278,mrgx4_human,Q96LA9,MRGPRX4,MRGX4;SNSR5;SNSR6,Class A (Rhodopsin),Orphan receptors,Class A orphans
279,p2ry8_human,Q86VZ1,P2RY8,,Class A (Rhodopsin),Orphan receptors,Class A orphans
280,p2y10_human,O00398,P2RY10,,Class A (Rhodopsin),Orphan receptors,Class A orphans
281,taar2_human,Q9P1P5,TAAR2,GPR58,Class A (Rhodopsin),Orphan receptors,Class A orphans
282,taar3_human,Q9P1P4,TAAR3P,GPR57;TAAR3,Class A (Rhodopsin),Orphan receptors,Class A orphans
283,taar5_human,O14804,TAAR5,PNR,Class A (Rhodopsin),Orphan receptors,Class A orphans
284,taar6_human,Q96RI8,TAAR6,TA4;TAR4;TRAR4,Class A (Rhodopsin),Orphan receptors,Class A orphans
285,taar9_human,Q96RI9,TAAR9,TA3;TAR3;TRAR3,Class A (Rhodopsin),Orphan receptors,Class A orphans
286,calcr_human,P30988-2,CALCR,,Class B1 (Secretin),Peptide receptors,Calcitonin receptors
287,calrl_human,Q16602,CALCRL,CGRPR,Class B1 (Secretin),Peptide receptors,Calcitonin receptors
288,crfr1_human,P34998-2,CRHR1,CRFR;CRFR1;CRHR,Class B1 (Secretin),Peptide receptors,Corticotropin-releasing factor receptors
289,crfr2_human,Q13324,CRHR2,CRF2R;CRH2R,Class B1 (Secretin),Peptide receptors,Corticotropin-releasing factor receptors
290,ghrhr_human,Q02643,GHRHR,,Class B1 (Secretin),Peptide receptors,Glucagon receptor family
291,gipr_human,P48546,GIPR,,Class B1 (Secretin),Peptide receptors,Glucagon receptor family
292,glp1r_human,P43220,GLP1R,,Class B1 (Secretin),Peptide receptors,Glucagon receptor family
293,glp2r_human,O95838,GLP2R,,Class B1 (Secretin),Peptide receptors,Glucagon receptor family
294,glr_human,P47871,GCGR,,Class B1 (Secretin),Peptide receptors,Glucagon receptor family
295,sctr_human,P47872,SCTR,,Class B1 (Secretin),Peptide receptors,Glucagon receptor family
296,pth1r_human,Q03431,PTH1R,PTHR;PTHR1,Class B1 (Secretin),Peptide receptors,Parathyroid hormone receptors
297,pth2r_human,P49190,PTH2R,PTHR2,Class B1 (Secretin),Peptide receptors,Parathyroid hormone receptors
298,pacr_human,P41586,ADCYAP1R1,,Class B1 (Secretin),Peptide receptors,VIP and PACAP receptors
299,vipr1_human,P32241,VIPR1,,Class B1 (Secretin),Peptide receptors,VIP and PACAP receptors
300,vipr2_human,P41587,VIPR2,VIP2R,Class B1 (Secretin),Peptide receptors,VIP and PACAP receptors
301,agrl1_human,O94910,ADGRL1,KIAA0821;,Class B2 (Adhesion),Adhesion receptors,ADGRL
302,agrl2_human,O95490,ADGRL2,KIAA0786;LEC1;LPHH1;LPHN2,Class B2 (Adhesion),Adhesion receptors,ADGRL
303,agrl3_human,Q9HAR2,ADGRL3,KIAA0768;,Class B2 (Adhesion),Adhesion receptors,ADGRL
304,agrl4_human,Q9HBW9,ADGRL4,ELTD1;ETL;UNQ202/PRO228,Class B2 (Adhesion),Adhesion receptors,ADGRL
305,agre1_human,Q14246,ADGRE1,EMR1;TM7LN3,Class B2 (Adhesion),Adhesion receptors,ADGRE
306,agre2_human,Q9UHX3,ADGRE2,EMR2,Class B2 (Adhesion),Adhesion receptors,ADGRE
307,agre3_human,Q9BY15,ADGRE3,EMR3;UNQ683/PRO1562,Class B2 (Adhesion),Adhesion receptors,ADGRE
308,agre4_human,Q86SQ3,ADGRE4P,EMR4;EMR4P;GPR127;PGR16,Class B2 (Adhesion),Adhesion receptors,ADGRE
309,cd97_human,P48960,CD97,,Class B2 (Adhesion),Adhesion receptors,ADGRE
310,agra1_human,Q86SQ6,ADGRA1,GPR123;KIAA1828,Class B2 (Adhesion),Adhesion receptors,ADGRA
311,agra2_human,Q96PE1,ADGRA2,GPR124;KIAA1531;,Class B2 (Adhesion),Adhesion receptors,ADGRA
312,agra3_human,Q8IWK6,ADGRA3,GPR125;UNQ556/PRO1113,Class B2 (Adhesion),Adhesion receptors,ADGRA
313,celr1_human,Q9NYQ6,CELSR1,CDHF9;FMI2,Class B2 (Adhesion),Adhesion receptors,ADGRC
314,celr2_human,Q9HCU4,CELSR2,CDHF10;EGFL2;KIAA0279;MEGF3,Class B2 (Adhesion),Adhesion receptors,ADGRC
315,celr3_human,Q9NYQ7,CELSR3,CDHF11;EGFL1;FMI1;KIAA0812;MEGF2,Class B2 (Adhesion),Adhesion receptors,ADGRC
316,agrd1_human,Q6QNK2,ADGRD1,GPR133;PGR25,Class B2 (Adhesion),Adhesion receptors,ADGRD
317,agrd2_human,Q7Z7M1,ADGRD2,GPR144;PGR24,Class B2 (Adhesion),Adhesion receptors,ADGRD
318,agrf1_human,Q5T601,ADGRF1,GPR110;PGR19,Class B2 (Adhesion),Adhesion receptors,ADGRF
319,agrf2_human,Q8IZF7,ADGRF2,GPR111;PGR20,Class B2 (Adhesion),Adhesion receptors,ADGRF
320,agrf3_human,Q8IZF5,ADGRF3,GPR113;PGR23;UNQ9196/PRO34000,Class B2 (Adhesion),Adhesion receptors,ADGRF
321,agrf4_human,Q8IZF3,ADGRF4,GPR115;PGR18,Class B2 (Adhesion),Adhesion receptors,ADGRF
322,agrf5_human,Q8IZF2,ADGRF5,GPR116;KIAA0758,Class B2 (Adhesion),Adhesion receptors,ADGRF
323,bai1_human,O14514,BAI1,,Class B2 (Adhesion),Adhesion receptors,ADGRB
324,agrb2_human,O60241,ADGRB2,BAI2,Class B2 (Adhesion),Adhesion receptors,ADGRB
325,agrb3_human,O60242,ADGRB3,BAI3;KIAA0550,Class B2 (Adhesion),Adhesion receptors,ADGRB
326,agrg1_human,Q9Y653,ADGRG1,GPR56;TM7LN4;TM7XN1;UNQ540/PRO1083,Class B2 (Adhesion),Adhesion receptors,ADGRG
327,agrg2_human,Q8IZP9,ADGRG2,GPR64;HE6;TM7LN2,Class B2 (Adhesion),Adhesion receptors,ADGRG
328,agrg3_human,Q86Y34,ADGRG3,GPR97;PGR26,Class B2 (Adhesion),Adhesion receptors,ADGRG
329,agrg4_human,Q8IZF6,ADGRG4,GPR112,Class B2 (Adhesion),Adhesion receptors,ADGRG
330,agrg5_human,Q8IZF4,ADGRG5,GPR114;PGR27;UNQ2524/PRO6017,Class B2 (Adhesion),Adhesion receptors,ADGRG
331,agrg6_human,Q86SQ4,ADGRG6,DREG;GPR126;VIGR,Class B2 (Adhesion),Adhesion receptors,ADGRG
332,agrg7_human,Q96K78,ADGRG7,GPR128,Class B2 (Adhesion),Adhesion receptors,ADGRG
333,gpr98_human,Q8WXG9,GPR98,KIAA0686;KIAA1943;MASS1;VLGR1,Class B2 (Adhesion),Adhesion receptors,ADGRV
334,casr_human,P41180,CASR,GPRC2A;PCAR1,Class C (Glutamate),Ion receptors,Calcium-sensing receptors
335,gabr1_human,Q9UBS5,GABBR1,GPRC3A,Class C (Glutamate),Amino acid receptors,GABA<sub>B</sub> receptors
336,gabr2_human,O75899,GABBR2,GPR51;GPRC3B,Class C (Glutamate),Amino acid receptors,GABA<sub>B</sub> receptors
337,grm1_human,Q13255,GRM1,GPRC1A;MGLUR1,Class C (Glutamate),Amino acid receptors,Metabotropic glutamate receptors
338,grm2_human,Q14416,GRM2,GPRC1B;MGLUR2,Class C (Glutamate),Amino acid receptors,Metabotropic glutamate receptors
339,grm3_human,Q14832,GRM3,GPRC1C;MGLUR3,Class C (Glutamate),Amino acid receptors,Metabotropic glutamate receptors
340,grm4_human,Q14833,GRM4,GPRC1D;MGLUR4,Class C (Glutamate),Amino acid receptors,Metabotropic glutamate receptors
341,grm5_human,P41594,GRM5,GPRC1E;MGLUR5,Class C (Glutamate),Amino acid receptors,Metabotropic glutamate receptors
342,grm6_human,O15303,GRM6,GPRC1F;MGLUR6,Class C (Glutamate),Amino acid receptors,Metabotropic glutamate receptors
343,grm7_human,Q14831,GRM7,GPRC1G;MGLUR7,Class C (Glutamate),Amino acid receptors,Metabotropic glutamate receptors
344,grm8_human,O00222,GRM8,GPRC1H;MGLUR8,Class C (Glutamate),Amino acid receptors,Metabotropic glutamate receptors
345,ts1r1_human,Q7RTX1,TAS1R1,GPR70;T1R1;TR1;GM148,Class C (Glutamate),Sensory receptors,Taste 1 receptors
346,ts1r2_human,Q8TE23,TAS1R2,GPR71;T1R2;TR2,Class C (Glutamate),Sensory receptors,Taste 1 receptors
347,ts1r3_human,Q7RTX0,TAS1R3,T1R3;TR3,Class C (Glutamate),Sensory receptors,Taste 1 receptors
348,gp156_human,Q8NFN8,GPR156,GABABL;PGR28,Class C (Glutamate),Orphan receptors,Class C Orphans
349,gp158_human,Q5T848,GPR158,KIAA1136,Class C (Glutamate),Orphan receptors,Class C Orphans
350,gp179_human,Q6PRD1,GPR179,GPR158L;GPR158L1,Class C (Glutamate),Orphan receptors,Class C Orphans
351,rai3_human,Q8NFJ5,GPRC5A,GPCR5A;RAI3;RAIG1,Class C (Glutamate),Orphan receptors,Class C Orphans
352,gpc5b_human,Q9NZH0,GPRC5B,RAIG2,Class C (Glutamate),Orphan receptors,Class C Orphans
353,gpc5c_human,Q9NQ84,GPRC5C,RAIG3;PSEC0087,Class C (Glutamate),Orphan receptors,Class C Orphans
354,gpc5d_human,Q9NZD1,GPRC5D,,Class C (Glutamate),Orphan receptors,Class C Orphans
355,gpc6a_human,Q5T6X5,GPRC6A,,Class C (Glutamate),Orphan receptors,Class C Orphans
356,fzd3_human,Q9NPG1,FZD3,,Class F (Frizzled),Protein receptors,Frizzled
357,fzd1_human,Q9UP38,FZD1,,Class F (Frizzled),Protein receptors,Frizzled
358,fzd2_human,Q14332,FZD2,,Class F (Frizzled),Protein receptors,Frizzled
359,fzd4_human,Q9ULV1,FZD4,,Class F (Frizzled),Protein receptors,Frizzled
360,fzd5_human,Q13467,FZD5,C2orf31,Class F (Frizzled),Protein receptors,Frizzled
361,fzd6_human,O60353,FZD6,,Class F (Frizzled),Protein receptors,Frizzled
362,fzd7_human,O75084,FZD7,,Class F (Frizzled),Protein receptors,Frizzled
363,fzd8_human,Q9H461,FZD8,,Class F (Frizzled),Protein receptors,Frizzled
364,fzd9_human,O00144,FZD9,FZD3,Class F (Frizzled),Protein receptors,Frizzled
365,fzd10_human,Q9ULW2,FZD10,,Class F (Frizzled),Protein receptors,Frizzled
366,smo_human,Q99835,SMO,SMOH,Class F (Frizzled),Protein receptors,Frizzled
367,ta2r9_human,Q9NYW1,TAS2R9,,Taste 2,Sensory receptors,Taste 2 receptors
368,t2r10_human,Q9NYW0,TAS2R10,,Taste 2,Sensory receptors,Taste 2 receptors
369,ta2r8_human,Q9NYW2,TAS2R8,,Taste 2,Sensory receptors,Taste 2 receptors
370,ta2r1_human,Q9NYW7,TAS2R1,,Taste 2,Sensory receptors,Taste 2 receptors
371,ta2r3_human,Q9NYW6,TAS2R3,,Taste 2,Sensory receptors,Taste 2 receptors
372,ta2r4_human,Q9NYW5,TAS2R4,,Taste 2,Sensory receptors,Taste 2 receptors
373,ta2r5_human,Q9NYW4,TAS2R5,,Taste 2,Sensory receptors,Taste 2 receptors
374,ta2r7_human,Q9NYW3,TAS2R7,,Taste 2,Sensory receptors,Taste 2 receptors
375,t2r13_human,Q9NYV9,TAS2R13,,Taste 2,Sensory receptors,Taste 2 receptors
376,t2r14_human,Q9NYV8,TAS2R14,,Taste 2,Sensory receptors,Taste 2 receptors
377,t2r16_human,Q9NYV7,TAS2R16,,Taste 2,Sensory receptors,Taste 2 receptors
378,t2r19_human,P59542,TAS2R19,TAS2R23;TAS2R48,Taste 2,Sensory receptors,Taste 2 receptors
379,t2r20_human,P59543,TAS2R20,TAS2R49,Taste 2,Sensory receptors,Taste 2 receptors
380,t2r30_human,P59541,TAS2R30,TAS2R47,Taste 2,Sensory receptors,Taste 2 receptors
381,t2r31_human,P59538,TAS2R31,TAS2R44,Taste 2,Sensory receptors,Taste 2 receptors
382,t2r38_human,P59533,TAS2R38,PTC,Taste 2,Sensory receptors,Taste 2 receptors
383,t2r39_human,P59534,TAS2R39,,Taste 2,Sensory receptors,Taste 2 receptors
384,t2r40_human,P59535,TAS2R40,GPR60,Taste 2,Sensory receptors,Taste 2 receptors
385,t2r41_human,P59536,TAS2R41,,Taste 2,Sensory receptors,Taste 2 receptors
386,t2r42_human,Q7RTR8,TAS2R42,TAS2R55,Taste 2,Sensory receptors,Taste 2 receptors
387,t2r43_human,P59537,TAS2R43,,Taste 2,Sensory receptors,Taste 2 receptors
388,t2r45_human,P59539,TAS2R45,GPR59,Taste 2,Sensory receptors,Taste 2 receptors
389,t2r46_human,P59540,TAS2R46,,Taste 2,Sensory receptors,Taste 2 receptors
390,t2r50_human,P59544,TAS2R50,,Taste 2,Sensory receptors,Taste 2 receptors
391,t2r60_human,P59551,TAS2R60,,Taste 2,Sensory receptors,Taste 2 receptors
392,gp107_human,Q5VW38,GPR107,KIAA1624;LUSTR1,Other GPCRs,Orphan receptors,Other GPCR orphans
393,g137a_human,Q96N19,GPR137,C11orf4;GPR137A;TM7SF1L1,Other GPCRs,Orphan receptors,Other GPCR orphans
394,o51e1_human,Q8TCB6,OR51E1,GPR164;OR51E1P;OR52A3P;POGR;PSGR2,Other GPCRs,Orphan receptors,Other GPCR orphans
395,tpra1_human,Q86W33,TPRA1,GPR175;TMEM227;PP6566,Other GPCRs,Orphan receptors,Other GPCR orphans
396,gp143_human,P51810,GPR143,OA1,Other GPCRs,Orphan receptors,Other GPCR orphans
397,gp157_human,Q5UAW9,GPR157,,Other GPCRs,Orphan receptors,Other GPCR orphans
